Unnamed: 0,name,year,selling_price,km_driven,fuel,seller_type,transmission,owner,seats,max_power (in bph),Mileage Unit,Mileage,Engine (CC)
0.0,Maruti,,450000.0,145500.0,,Individual,Manual,First Owner,5.0,74.0,kmpl,23.4,1248.0
2.0,,2010.0,225000.0,127000.0,Diesel,Individual,,First Owner,5.0,90.0,kmpl,23.0,1396.0
4.0,Hyundai,2017.0,440000.0,45000.0,Petrol,Individual,Manual,First Owner,5.0,81.86,kmpl,20.14,
7.0,TOYOTA,2011.0,350000.0,90000.0,Diesel,Individual,Manual,,5.0,,kmpl,23.59,1364.0
,Ford,2013.0,200000.0,169000.0,Diesel,Individual,Manual,First Owner,5.0,68.1,kmpl,20.0,1399.0
15.0,Hyundai,2012.0,500000.0,53000.0,Diesel,Individual,Manual,Second Owner,5.0,90.0,kmpl,23.0,1396.0
16.0,Maruti,2002.0,150000.0,80000.0,,Individual,Manual,Second Owner,5.0,,kmpl,19.7,796.0
17.0,Hyundai,2016.0,680000.0,100000.0,Diesel,Individual,Manual,First Owner,5.0,88.73,kmpl,22.54,1396.0
18.0,Mahindra,2011.0,174000.0,100000.0,Diesel,Individual,Manual,Second Owner,5.0,64.1,kmpl,21.0,1461.0
21.0,Maruti,2012.0,600000.0,72000.0,Diesel,Individual,Manual,First Owner,5.0,88.8,kmpl,21.5,1248.0
22.0,Tata,2018.0,500000.0,35000.0,Petrol,Individual,,First Owner,5.0,83.81,kmpl,20.3,1199.0
23.0,Maruti,2016.0,575000.0,45000.0,Petrol,Individual,Manual,First Owner,5.0,83.1,kmpl,21.4,1197.0
46.0,Maruti,2018.0,850000.0,64000.0,,Dealer,Manual,First Owner,5.0,103.25,kmpl,20.65,1462.0
51.0,Tata,2011.0,265000.0,120000.0,Diesel,Individual,Manual,First Owner,5.0,88.8,kmpl,21.12,
52.0,Hyundai,2011.0,190000.0,,Petrol,Individual,Manual,Third Owner,5.0,78.9,kmpl,20.36,1197.0
53.0,Hyundai,2013.0,425000.0,60000.0,Diesel,Individual,Manual,First Owner,5.0,88.76,kmpl,21.27,1396.0
56.0,MARUTI,2019.0,650000.0,30000.0,Petrol,,Manual,First Owner,,83.1,kmpl,21.4,1197.0
nan,Volkswagen,nan,540000.0,40000.0,Diesel,Individual,Manual,First Owner,5.0,108.495,kmpl,,1498.0
59.0,Maruti,2018.0,448000.0,30000.0,Petrol,Individual,Automatic,First Owner,5.0,67.0,kmpl,,998.0
60.0,,2017.0,500000.0,80000.0,Diesel,Individual,Manual,,,,kmpl,21.66,1498.0
63.0,Hyundai,2011.0,,60000.0,Petrol,Individual,Manual,Second Owner,5.0,78.9,kmpl,20.36,1197.0
66.0,Maruti,2013.0,450000.0,120000.0,Diesel,Individual,Manual,Second Owner,,74.0,kmpl,22.9,1248.0
68.0,,2013.0,450000.0,170000.0,Diesel,Individual,Manual,,,103.6,kmpl,20.54,1598.0
70.0,Ford,2015.0,610000.0,90000.0,Diesel,Individual,Manual,First Owner,5.0,98.59,,,1498.0
71.0,Maruti,2017.0,484999.0,10000.0,Petrol,Dealer,Manual,First Owner,5.0,67.04,kmpl,23.1,998.0
74.0,Hyundai,2012.0,290000.0,28000.0,Petrol,Dealer,Manual,First Owner,5.0,68.05,kmpl,19.81,1086.0
78.0,,2015.0,351000.0,45000.0,,Dealer,,Second Owner,5.0,,kmpl,19.81,1086.0
NAN,MARUTI,,120000.0,68000.0,Petrol,Dealer,Manual,,5.0,46.3,kmpl,19.7,796.0
85.0,HYUNDAI,2017.0,725000.0,110000.0,Diesel,Individual,Manual,First Owner,5.0,88.73,kmpl,22.54,1396.0
86.0,Maruti,2009.0,185000.0,77000.0,Petrol,Dealer,Manual,Second Owner,5.0,67.05,kmpl,21.79,998.0
88.0,Maruti,2019.0,615000.0,10000.0,Petrol,Individual,Manual,First Owner,5.0,81.8,kmpl,21.21,1197.0
90.0,MARUTI,,610000.0,35000.0,Petrol,Individual,Manual,First Owner,5.0,83.1,kmpl,21.4,1197.0
98.0,Hyundai,2013.0,522000.0,150000.0,,Individual,Manual,Second Owner,5.0,126.32,kmpl,22.32,
99.0,,2013.0,451999.0,69000.0,,Individual,Manual,First Owner,5.0,88.76,kmpl,21.9,1396.0
101.0,,2020.0,475000.0,,Petrol,Individual,Manual,First Owner,5.0,67.04,kmpl,,
103.0,Maruti,2017.0,595000.0,40000.0,Petrol,Individual,Manual,First Owner,,83.14,kmpl,20.85,1197.0
104.0,Maruti,2017.0,440000.0,35000.0,Petrol,Individual,Manual,First Owner,5.0,67.04,kmpl,20.51,998.0
105.0,Hyundai,2016.0,1140000.0,50000.0,Diesel,Individual,Manual,First Owner,5.0,126.2,kmpl,,1582.0
106.0,Ford,2017.0,850000.0,76139.0,Diesel,Individual,,First Owner,5.0,98.96,,23.0,1498.0
108.0,Renault,2018.0,350000.0,,Petrol,Individual,Manual,First Owner,5.0,67.0,,23.01,999.0
109.0,Maruti,2015.0,360000.0,40000.0,Petrol,Individual,,Second Owner,5.0,67.04,kmpl,23.1,998.0
110.0,Maruti,,105000.0,65000.0,,Individual,Manual,Fourth & Above Owner,5.0,46.3,kmpl,19.7,796.0
111.0,Maruti,2013.0,625000.0,90000.0,Diesel,Individual,Manual,Second Owner,7.0,88.76,kmpl,,1248.0
113.0,Maruti,2015.0,700000.0,110000.0,Diesel,Individual,Manual,Second Owner,7.0,88.76,kmpl,20.77,1248.0
126.0,Maruti,,340000.0,24300.0,Petrol,Dealer,Manual,First Owner,5.0,81.8,kmpl,21.21,1197.0
128.0,Tata,2018.0,1025000.0,8000.0,Diesel,Dealer,Automatic,First Owner,5.0,108.5,kmpl,21.5,1497.0
132.0,Volkswagen,2011.0,300000.0,100000.0,Diesel,Individual,Manual,Second Owner,5.0,103.6,kmpl,20.54,1598.0
134.0,Ford,2011.0,160000.0,120000.0,,Individual,Manual,,5.0,68.0,,20.0,1399.0
135.0,Maruti,2015.0,515000.0,36600.0,Petrol,Individual,Manual,First Owner,5.0,81.8,kmpl,20.4,1197.0
136.0,Maruti,2015.0,390000.0,50000.0,Petrol,Individual,Automatic,Second Owner,5.0,67.0,kmpl,20.51,998.0
139.0,Maruti,2010.0,220000.0,,Diesel,Individual,,First Owner,5.0,73.9,kmpl,21.1,1248.0
,,2010.0,300000.0,,Diesel,Individual,Manual,First Owner,,87.2,kmpl,,1364.0
149.0,Tata,2017.0,490000.0,90000.0,Diesel,Individual,Manual,First Owner,5.0,74.0,kmpl,22.95,1248.0
154.0,Maruti,2016.0,459999.0,60000.0,Petrol,Individual,,Second Owner,5.0,83.14,kmpl,20.85,1197.0
158.0,,2019.0,520000.0,14000.0,Petrol,Individual,Manual,First Owner,5.0,84.0,kmpl,20.3,
159.0,Maruti,2015.0,580000.0,70000.0,Diesel,Individual,Manual,First Owner,,88.76,kmpl,20.77,1248.0
163.0,,2017.0,550000.0,50000.0,,Individual,Manual,First Owner,5.0,83.14,kmpl,20.85,1197.0
165.0,Maruti,,420000.0,35000.0,Petrol,Individual,Automatic,First Owner,5.0,67.0,kmpl,20.51,998.0
166.0,Maruti,2017.0,550000.0,20000.0,Petrol,Individual,Manual,First Owner,5.0,81.8,kmpl,21.21,1197.0
168.0,MARUTI,2018.0,700000.0,7800.0,Petrol,Individual,Automatic,First Owner,5.0,81.8,kmpl,22.0,1197.0
169.0,Maruti,2017.0,500000.0,20000.0,Petrol,Individual,Manual,First Owner,5.0,81.8,kmpl,,1197.0
173.0,,2015.0,290000.0,60000.0,Petrol,Individual,Manual,First Owner,5.0,67.04,,20.51,998.0
176.0,Maruti,2018.0,830000.0,5000.0,Petrol,Individual,Automatic,First Owner,5.0,83.1,,21.4,
178.0,Maruti,2011.0,160000.0,25000.0,Petrol,Individual,Manual,Second Owner,,46.3,,19.7,796.0
181.0,,2020.0,524000.0,32000.0,Petrol,,Manual,,5.0,81.86,,20.14,1197.0
182.0,MARUTI,nan,245000.0,,Petrol,Individual,Manual,First Owner,5.0,47.3,kmpl,22.74,796.0
186.0,Maruti,,350000.0,140000.0,Petrol,,Manual,First Owner,,67.04,kmpl,20.51,998.0
189.0,Maruti,2010.0,250000.0,110000.0,Diesel,Individual,Manual,,5.0,73.9,kmpl,21.1,1248.0
,Hyundai,2017.0,1100000.0,37000.0,Diesel,Individual,Manual,First Owner,5.0,126.2,kmpl,19.67,1582.0
192.0,Maruti,2015.0,640000.0,80000.0,Diesel,Individual,Manual,First Owner,7.0,88.76,kmpl,20.77,
199.0,Maruti,2013.0,550000.0,70000.0,Diesel,Individual,Manual,First Owner,5.0,74.0,kmpl,23.4,1248.0
201.0,Hyundai,2009.0,200000.0,,Petrol,Individual,Manual,Second Owner,5.0,78.9,kmpl,20.36,1197.0
202.0,Maruti,2014.0,500000.0,120000.0,Diesel,Individual,Manual,Second Owner,5.0,74.0,kmpl,23.4,
206.0,MARUTI,2015.0,350000.0,100000.0,Petrol,Individual,Manual,First Owner,5.0,83.11,kmpl,20.4,1197.0
,Hyundai,2017.0,800000.0,39000.0,Diesel,Individual,Manual,First Owner,5.0,88.73,kmpl,22.54,
212.0,Hyundai,2013.0,530000.0,,Diesel,Individual,Manual,First Owner,5.0,126.3,kmpl,,1582.0
213.0,Maruti,2012.0,360000.0,158000.0,Diesel,Individual,Manual,First Owner,5.0,74.0,kmpl,23.4,
221.0,Maruti,2015.0,525000.0,20000.0,Petrol,Individual,Manual,First Owner,5.0,83.14,,20.85,1197.0
225.0,Maruti,2014.0,375000.0,80000.0,,Individual,Manual,First Owner,5.0,81.8,kmpl,20.4,1197.0
226.0,Hyundai,2015.0,500000.0,70000.0,Diesel,Individual,Manual,Fourth & Above Owner,5.0,88.73,kmpl,22.54,1396.0
234.0,Tata,2012.0,290000.0,60000.0,Diesel,Individual,Manual,First Owner,5.0,88.76,kmpl,21.02,1248.0
235.0,MARUTI,2005.0,110000.0,45000.0,Petrol,Individual,Manual,Second Owner,5.0,46.3,kmpl,19.7,796.0
242.0,Maruti,2016.0,520000.0,20000.0,,Individual,Manual,First Owner,5.0,,kmpl,20.4,1197.0
248.0,Maruti,2019.0,675000.0,16500.0,Petrol,Individual,Manual,First Owner,5.0,81.8,kmpl,21.01,1197.0
,Maruti,2005.0,90000.0,99361.0,Petrol,Individual,Manual,Second Owner,5.0,46.3,kmpl,19.7,796.0
,Tata,,645000.0,10000.0,Petrol,Individual,Automatic,First Owner,5.0,,kmpl,20.3,1199.0
264.0,Maruti,2017.0,,47000.0,Petrol,Individual,Manual,First Owner,5.0,67.04,kmpl,20.51,998.0
265.0,HYUNDAI,2018.0,1210000.0,25000.0,Diesel,Individual,Manual,First Owner,5.0,88.7,kmpl,21.38,1396.0
268.0,Maruti,2016.0,650000.0,50000.0,Petrol,Individual,Automatic,First Owner,5.0,83.1,kmpl,21.4,1197.0
271.0,Maruti,2014.0,400000.0,50000.0,Petrol,Individual,Manual,First Owner,5.0,81.8,kmpl,,1197.0
274.0,Maruti,,351000.0,36000.0,Petrol,Individual,Manual,First Owner,5.0,67.04,kmpl,23.1,998.0
276.0,Maruti,2011.0,185000.0,185000.0,Diesel,Individual,Manual,Third Owner,5.0,73.9,kmpl,21.1,1248.0
280.0,Maruti,2005.0,85000.0,80000.0,Petrol,Individual,Manual,,5.0,46.3,kmpl,19.7,796.0
283.0,Maruti,2013.0,480000.0,,Diesel,Individual,,Third Owner,7.0,88.76,kmpl,20.77,1248.0
286.0,Ford,2010.0,170000.0,90000.0,Diesel,Individual,Manual,Second Owner,5.0,68.0,kmpl,20.0,1399.0
289.0,Maruti,2018.0,610000.0,52000.0,Petrol,Dealer,Manual,First Owner,5.0,81.8,kmpl,22.0,1197.0
292.0,Renault,2018.0,390000.0,13000.0,Petrol,,Manual,First Owner,5.0,53.26,kmpl,20.71,799.0
NAN,TOYOTA,2013.0,400000.0,70000.0,Diesel,Dealer,Manual,Second Owner,5.0,67.06,kmpl,,1364.0
296.0,,2009.0,215000.0,60000.0,Petrol,Dealer,Manual,,,78.9,kmpl,20.36,1197.0
297.0,Renault,2014.0,570000.0,40000.0,Diesel,Dealer,Manual,First Owner,5.0,83.8,kmpl,20.45,1461.0
305.0,Hyundai,,140000.0,,Petrol,Individual,Manual,Fourth & Above Owner,5.0,78.9,kmpl,20.36,1197.0
310.0,,,225000.0,58343.0,Petrol,Trustmark Dealer,,First Owner,5.0,67.05,kmpl,21.79,998.0
314.0,Maruti,,650000.0,5621.0,Petrol,Trustmark Dealer,Automatic,,,81.8,kmpl,22.0,1197.0
316.0,MARUTI,2018.0,600000.0,69779.0,Petrol,Dealer,Automatic,First Owner,5.0,81.8,kmpl,22.0,1197.0
319.0,Hyundai,2010.0,150000.0,106000.0,,Individual,Manual,Third Owner,5.0,,kmpl,20.36,
322.0,Hyundai,2014.0,535000.0,70000.0,Diesel,Individual,Manual,Third Owner,5.0,126.32,kmpl,22.32,1582.0
324.0,Maruti,2012.0,300000.0,100000.0,Diesel,,Manual,Second Owner,5.0,88.8,kmpl,21.5,1248.0
327.0,Maruti,2016.0,240000.0,,Petrol,Individual,Manual,First Owner,5.0,47.3,kmpl,22.74,796.0
nan,Maruti,2020.0,409999.0,35000.0,CNG,Individual,Manual,,5.0,61.7,km/kg,,1196.0
334.0,Maruti,2010.0,150000.0,80000.0,Petrol,Individual,Manual,First Owner,5.0,,kmpl,20.92,998.0
335.0,Hyundai,2013.0,219000.0,50000.0,Petrol,Individual,,Second Owner,5.0,55.2,kmpl,21.1,814.0
339.0,Hyundai,2017.0,950000.0,45000.0,Diesel,Individual,Manual,First Owner,5.0,88.7,,21.38,1396.0
340.0,MARUTI,2010.0,160000.0,80000.0,Petrol,,Manual,Second Owner,5.0,46.3,kmpl,19.7,796.0
343.0,Toyota,2013.0,450000.0,67000.0,Diesel,Individual,Manual,First Owner,5.0,67.1,kmpl,23.59,1364.0
347.0,Maruti,,530000.0,120000.0,Diesel,Individual,,Second Owner,5.0,74.0,kmpl,23.4,1248.0
348.0,Volkswagen,2015.0,520000.0,110000.0,,Individual,Manual,,5.0,88.8,kmpl,20.14,1498.0
349.0,Mahindra,2011.0,229999.0,170000.0,Diesel,Individual,Manual,Second Owner,5.0,,kmpl,,1461.0
354.0,Maruti,2014.0,,50000.0,Petrol,Individual,Manual,,,67.04,kmpl,,998.0
355.0,Ford,2015.0,292000.0,70000.0,Diesel,Individual,Manual,First Owner,5.0,68.05,kmpl,20.0,1399.0
358.0,Maruti,2014.0,385000.0,,Petrol,Individual,Manual,First Owner,5.0,67.04,kmpl,23.1,998.0
360.0,,2019.0,675000.0,,Petrol,Individual,Manual,First Owner,5.0,81.8,kmpl,,1197.0
362.0,Ford,2018.0,950000.0,30000.0,Diesel,Individual,Manual,,5.0,,kmpl,23.0,1498.0
,Hyundai,2015.0,610000.0,50000.0,Diesel,Individual,Manual,Second Owner,5.0,88.73,kmpl,21.19,1396.0
364.0,Hyundai,2012.0,525000.0,120000.0,,Individual,Manual,First Owner,5.0,88.73,,22.54,1396.0
,Maruti,,434999.0,50000.0,Petrol,Individual,Manual,Second Owner,5.0,,kmpl,20.4,1197.0
371.0,Renault,2018.0,,18000.0,Diesel,Dealer,Manual,First Owner,5.0,108.45,kmpl,19.6,1461.0
382.0,Ford,2013.0,300000.0,60000.0,Diesel,Individual,Manual,Second Owner,5.0,90.0,kmpl,23.5,1498.0
384.0,Hyundai,2008.0,229999.0,50000.0,Petrol,Individual,Manual,First Owner,,68.05,kmpl,19.81,1086.0
393.0,Hyundai,2018.0,500000.0,60000.0,Petrol,Individual,Manual,,,81.86,kmpl,20.14,1197.0
395.0,Maruti,2014.0,250000.0,25000.0,Petrol,Individual,Manual,First Owner,5.0,47.3,kmpl,22.74,796.0
398.0,Volkswagen,2011.0,250000.0,70000.0,Diesel,Individual,Manual,Second Owner,5.0,103.6,kmpl,20.54,1598.0
400.0,Toyota,2013.0,409999.0,45000.0,Diesel,Individual,Manual,First Owner,,67.06,,23.59,1364.0
406.0,,2016.0,270000.0,50000.0,Petrol,Individual,Manual,First Owner,5.0,47.3,kmpl,22.74,796.0
415.0,,,165000.0,90000.0,Petrol,Individual,Manual,First Owner,5.0,67.1,kmpl,20.92,998.0
420.0,Hyundai,2013.0,180000.0,60000.0,Petrol,Individual,Manual,,5.0,55.2,kmpl,21.1,814.0
,Maruti,2009.0,125000.0,60000.0,Petrol,Individual,,Third Owner,5.0,46.3,kmpl,19.7,796.0
428.0,Volkswagen,,450000.0,90000.0,Diesel,Individual,Manual,First Owner,5.0,103.6,kmpl,20.54,
429.0,,2011.0,210000.0,46000.0,Petrol,Individual,Manual,First Owner,5.0,67.1,kmpl,20.92,998.0
434.0,Hyundai,2017.0,320000.0,15000.0,Petrol,Individual,,Second Owner,5.0,55.2,kmpl,21.1,814.0
,Maruti,2009.0,,70000.0,Petrol,Individual,Manual,Second Owner,5.0,46.3,kmpl,19.7,796.0
439.0,Ford,2013.0,,70000.0,Diesel,Individual,Manual,Second Owner,5.0,67.0,kmpl,19.68,1399.0
440.0,Maruti,2002.0,140000.0,50000.0,Petrol,Individual,Manual,,5.0,46.3,kmpl,19.7,796.0
443.0,Maruti,,236000.0,60000.0,Petrol,Individual,,First Owner,5.0,47.3,kmpl,22.74,796.0
444.0,Maruti,2015.0,390000.0,40000.0,Petrol,Individual,Manual,First Owner,5.0,67.04,kmpl,,998.0
448.0,Hyundai,2016.0,850000.0,58000.0,Diesel,Individual,,First Owner,5.0,126.2,kmpl,19.67,1582.0
456.0,Hyundai,,300000.0,10000.0,Petrol,Individual,Manual,First Owner,,,kmpl,21.1,814.0
458.0,,,466000.0,25000.0,Petrol,Individual,Automatic,Fourth & Above Owner,5.0,68.0,kmpl,20.3,1086.0
459.0,Ford,,484999.0,54000.0,Diesel,Dealer,Manual,First Owner,5.0,98.96,kmpl,23.0,1498.0
462.0,Hyundai,2011.0,220000.0,120000.0,Diesel,Individual,,Second Owner,5.0,90.0,kmpl,,1396.0
,Maruti,2013.0,630000.0,120000.0,Diesel,Individual,,Second Owner,7.0,88.8,kmpl,20.77,1248.0
466.0,Hyundai,2013.0,525000.0,75000.0,Diesel,Individual,Automatic,First Owner,5.0,126.3,,22.32,1582.0
471.0,Ford,2013.0,245000.0,,Diesel,,Manual,Second Owner,5.0,68.1,kmpl,20.0,1399.0
472.0,Hyundai,2012.0,210000.0,76000.0,,,Manual,Fourth & Above Owner,5.0,78.9,kmpl,20.36,1197.0
473.0,Maruti,2020.0,730000.0,1500.0,Petrol,Individual,Manual,First Owner,,81.8,kmpl,21.21,1197.0
475.0,Maruti,2015.0,400000.0,40000.0,Petrol,,Manual,First Owner,5.0,67.04,kmpl,20.51,998.0
476.0,Hyundai,2015.0,280000.0,60000.0,Petrol,Individual,,Second Owner,,,kmpl,21.1,814.0
479.0,Volkswagen,2017.0,700000.0,40906.0,Diesel,Dealer,Manual,First Owner,5.0,108.62,kmpl,21.66,1498.0
481.0,Hyundai,2012.0,270000.0,43755.0,Petrol,Dealer,Manual,Second Owner,5.0,55.2,kmpl,,
486.0,Hyundai,2011.0,400000.0,221889.0,Diesel,Dealer,Manual,,5.0,126.32,kmpl,22.32,1582.0
488.0,Maruti,2015.0,500000.0,150546.0,Petrol,Dealer,Manual,First Owner,5.0,81.8,kmpl,22.0,1197.0
495.0,Hyundai,2011.0,200000.0,80000.0,,Individual,Manual,First Owner,5.0,,kmpl,19.81,
497.0,Renault,,350000.0,,Petrol,,Manual,First Owner,5.0,67.0,kmpl,23.01,999.0
501.0,Maruti,2013.0,200000.0,24000.0,Petrol,Individual,,First Owner,5.0,47.3,kmpl,22.74,796.0
,,,300000.0,70000.0,Diesel,Individual,Manual,Second Owner,5.0,68.0,kmpl,,1399.0
507.0,Hyundai,2008.0,135000.0,80000.0,Petrol,Individual,Manual,Second Owner,5.0,68.05,kmpl,19.81,1086.0
515.0,Maruti,2011.0,300000.0,70000.0,Diesel,Individual,Manual,Second Owner,5.0,74.0,kmpl,22.9,1248.0
519.0,Maruti,2014.0,420000.0,80000.0,Diesel,Individual,Manual,First Owner,5.0,74.0,kmpl,23.4,
520.0,Hyundai,2015.0,235000.0,50000.0,Petrol,Individual,Manual,First Owner,5.0,55.2,kmpl,21.1,814.0
524.0,,2016.0,650000.0,125000.0,Diesel,Individual,Manual,First Owner,5.0,98.59,kmpl,22.77,1498.0
525.0,Maruti,2016.0,350000.0,80000.0,Petrol,Individual,Manual,First Owner,5.0,67.04,kmpl,20.51,998.0
527.0,HYUNDAI,2010.0,270000.0,90000.0,Diesel,Individual,Manual,Third Owner,5.0,,kmpl,23.0,1396.0
528.0,Tata,2017.0,450000.0,50000.0,Diesel,Individual,Manual,First Owner,,74.0,kmpl,22.95,1248.0
536.0,Hyundai,2008.0,275000.0,98000.0,Petrol,Individual,Manual,Third Owner,5.0,78.9,kmpl,20.36,
538.0,Maruti,2012.0,215000.0,90000.0,Petrol,Individual,Manual,Third Owner,,46.3,kmpl,,796.0
546.0,Maruti,2019.0,655000.0,25000.0,Petrol,Individual,,First Owner,5.0,81.8,kmpl,21.21,1197.0
,Ford,2019.0,800000.0,30000.0,Diesel,,,Third Owner,5.0,98.96,kmpl,23.0,1498.0
551.0,Volkswagen,2011.0,300000.0,72000.0,Diesel,Individual,Manual,Second Owner,5.0,103.6,kmpl,20.54,1598.0
557.0,Maruti,2015.0,320000.0,50000.0,Petrol,Individual,Manual,Second Owner,5.0,67.04,kmpl,20.51,998.0
558.0,Hyundai,2010.0,210000.0,20000.0,Petrol,Individual,Manual,First Owner,5.0,68.05,kmpl,19.81,1086.0
565.0,Renault,2016.0,300000.0,50000.0,Petrol,Individual,,,5.0,,,,999.0
570.0,,2015.0,290000.0,17000.0,Petrol,Individual,Manual,First Owner,5.0,55.2,kmpl,21.1,814.0
572.0,Maruti,2016.0,395000.0,50000.0,Petrol,Individual,Manual,First Owner,5.0,67.04,kmpl,23.1,998.0
573.0,Hyundai,2014.0,195000.0,65000.0,Petrol,Individual,Manual,Second Owner,5.0,55.2,kmpl,21.1,814.0
577.0,HYUNDAI,2015.0,715000.0,50000.0,Diesel,Individual,Manual,First Owner,5.0,88.73,kmpl,,1396.0
583.0,Hyundai,2012.0,335000.0,135000.0,Diesel,Individual,Manual,First Owner,5.0,88.76,kmpl,21.9,1396.0
584.0,Maruti,2014.0,300000.0,35000.0,Petrol,Individual,Manual,First Owner,5.0,67.04,kmpl,23.1,998.0
591.0,Tata,2013.0,280000.0,80000.0,Diesel,Individual,Manual,First Owner,5.0,88.76,kmpl,21.02,1248.0
,Hyundai,2018.0,500000.0,10000.0,Petrol,Individual,Manual,First Owner,5.0,81.86,kmpl,20.14,1197.0
599.0,Renault,2017.0,300000.0,35000.0,Petrol,Individual,Manual,First Owner,5.0,67.0,kmpl,23.01,999.0
600.0,Volkswagen,,350000.0,60000.0,Diesel,Individual,Manual,Second Owner,5.0,88.8,kmpl,20.14,1498.0
602.0,,2015.0,,30000.0,Petrol,Individual,Manual,First Owner,5.0,81.8,,20.4,1197.0
614.0,Hyundai,2011.0,180000.0,80000.0,Petrol,Individual,Manual,Second Owner,5.0,55.2,kmpl,21.1,814.0
615.0,Hyundai,2013.0,200000.0,80000.0,,Individual,Manual,Second Owner,5.0,55.2,kmpl,21.1,814.0
616.0,Maruti,2005.0,85000.0,150000.0,Petrol,Individual,Manual,Second Owner,5.0,46.3,kmpl,19.7,796.0
619.0,VOLKSWAGEN,2010.0,275000.0,80000.0,Diesel,Individual,Manual,Fourth & Above Owner,5.0,73.9,kmpl,22.07,1199.0
625.0,Hyundai,2012.0,321000.0,100000.0,Diesel,Individual,Manual,Second Owner,5.0,,kmpl,23.0,1396.0
631.0,Tata,2012.0,250000.0,,Diesel,Individual,Manual,First Owner,5.0,,kmpl,,1248.0
647.0,Maruti,2010.0,165000.0,30000.0,Petrol,Individual,Manual,Third Owner,5.0,46.3,kmpl,19.7,796.0
649.0,MARUTI,2013.0,430000.0,86000.0,Diesel,Individual,Manual,Second Owner,5.0,74.0,kmpl,22.9,1248.0
651.0,Renault,2018.0,400000.0,60000.0,Petrol,Individual,Manual,First Owner,,,kmpl,23.01,999.0
653.0,,2015.0,430000.0,5000.0,Petrol,Individual,Manual,First Owner,5.0,67.04,kmpl,20.51,998.0
654.0,Maruti,2017.0,573000.0,30000.0,Petrol,Individual,Manual,First Owner,5.0,81.8,kmpl,20.4,1197.0
655.0,,2015.0,210000.0,40000.0,Petrol,Individual,,First Owner,5.0,55.2,kmpl,,814.0
658.0,,2019.0,,,,,Manual,First Owner,5.0,84.0,kmpl,20.3,1199.0
NAN,MARUTI,2008.0,95000.0,120000.0,Petrol,Individual,Manual,First Owner,5.0,46.3,kmpl,19.7,796.0
668.0,Maruti,2009.0,101000.0,90000.0,Petrol,,Manual,Fourth & Above Owner,8.0,35.0,kmpl,,796.0
671.0,Hyundai,2012.0,244000.0,38000.0,Petrol,Individual,Manual,First Owner,5.0,55.2,kmpl,21.1,814.0
672.0,Maruti,2013.0,250000.0,90000.0,Petrol,,Manual,Second Owner,5.0,67.04,,20.51,998.0
673.0,Maruti,2016.0,660000.0,60000.0,Petrol,Individual,Manual,,5.0,83.1,kmpl,21.4,1197.0
675.0,Maruti,2012.0,280000.0,156060.0,Diesel,Individual,Manual,First Owner,5.0,73.94,kmpl,23.2,
676.0,Hyundai,2017.0,,60000.0,Diesel,Individual,Manual,First Owner,5.0,126.2,kmpl,19.67,1582.0
677.0,MARUTI,2017.0,525000.0,,Petrol,Individual,Manual,First Owner,5.0,83.14,kmpl,,1197.0
682.0,MARUTI,,241000.0,15000.0,Petrol,Individual,Manual,First Owner,5.0,47.3,kmpl,22.74,796.0
683.0,Maruti,2015.0,235000.0,20000.0,Petrol,Individual,,,5.0,,kmpl,22.74,796.0
684.0,Ford,2015.0,615000.0,,Diesel,Individual,Manual,First Owner,5.0,98.59,kmpl,22.77,1498.0
685.0,MAHINDRA,2014.0,350000.0,110000.0,Diesel,Individual,,Second Owner,5.0,64.1,kmpl,20.8,1461.0
686.0,,2014.0,350000.0,35000.0,Petrol,Individual,Manual,,5.0,67.04,kmpl,20.51,998.0
687.0,Maruti,2014.0,380000.0,35000.0,,Individual,,First Owner,5.0,67.04,kmpl,20.51,998.0
693.0,Hyundai,2015.0,360000.0,20000.0,Petrol,Individual,Manual,First Owner,5.0,68.05,kmpl,19.81,1086.0
697.0,Hyundai,2016.0,425000.0,15000.0,Petrol,Individual,Manual,First Owner,5.0,68.05,kmpl,,1086.0
700.0,Maruti,2009.0,,58000.0,Petrol,Individual,Manual,First Owner,,46.3,,19.7,796.0
703.0,Hyundai,,204999.0,,Petrol,Individual,Manual,Second Owner,5.0,68.05,kmpl,20.3,998.0
705.0,Maruti,2013.0,,60000.0,Diesel,Individual,Manual,First Owner,7.0,88.8,kmpl,20.77,1248.0
711.0,Hyundai,2011.0,300000.0,80000.0,Diesel,,Manual,,,126.32,kmpl,22.32,1582.0
713.0,Maruti,2015.0,750000.0,14000.0,Diesel,Individual,Manual,First Owner,7.0,,kmpl,20.77,1248.0
716.0,,2011.0,160000.0,57000.0,Petrol,Individual,Manual,First Owner,5.0,55.2,,21.1,814.0
,,2015.0,1050000.0,60000.0,Diesel,Individual,Manual,First Owner,5.0,87.2,kmpl,21.43,1364.0
722.0,Tata,,150000.0,120000.0,Diesel,,Manual,Second Owner,5.0,88.8,kmpl,21.12,1248.0
728.0,NAN,,350000.0,25000.0,Petrol,Individual,Manual,First Owner,5.0,,kmpl,23.1,998.0
729.0,RENAULT,2019.0,580000.0,12000.0,Petrol,Individual,Manual,First Owner,7.0,72.0,kmpl,20.0,999.0
740.0,Ford,2010.0,180000.0,110000.0,Diesel,Individual,Manual,Second Owner,5.0,68.0,kmpl,20.0,1399.0
744.0,Hyundai,2010.0,270000.0,100000.0,Diesel,Individual,,Fourth & Above Owner,5.0,,kmpl,,
748.0,Ford,2011.0,190000.0,90000.0,Diesel,Individual,Manual,Second Owner,5.0,68.0,kmpl,20.0,
752.0,Toyota,2013.0,409999.0,,Diesel,Individual,,First Owner,5.0,67.04,kmpl,23.59,1364.0
754.0,Hyundai,2015.0,270000.0,43000.0,Petrol,Individual,Manual,First Owner,5.0,55.2,kmpl,,814.0
755.0,Tata,2017.0,280000.0,80000.0,Diesel,Individual,Manual,,5.0,74.0,kmpl,22.95,1248.0
756.0,Tata,2012.0,130000.0,60000.0,Diesel,Individual,Manual,First Owner,5.0,74.0,kmpl,22.3,
757.0,Hyundai,2014.0,,18945.0,Petrol,Individual,,First Owner,,55.2,kmpl,21.1,814.0
,Hyundai,2012.0,320000.0,107825.0,Diesel,Individual,Manual,Second Owner,5.0,90.0,kmpl,21.9,1396.0
763.0,Maruti,,370000.0,15000.0,Petrol,Individual,Manual,First Owner,5.0,47.3,kmpl,22.05,796.0
766.0,Hyundai,2018.0,750000.0,30000.0,Diesel,Individual,Manual,First Owner,5.0,88.76,kmpl,21.19,1396.0
772.0,Hyundai,2019.0,450000.0,10000.0,Petrol,Individual,Manual,First Owner,5.0,68.0,,20.3,1086.0
773.0,Maruti,2012.0,,100000.0,Diesel,,Manual,Third Owner,7.0,88.76,kmpl,,1248.0
775.0,Maruti,2013.0,199000.0,60000.0,,Individual,Manual,Second Owner,,67.1,kmpl,,998.0
777.0,,2016.0,,80000.0,Diesel,Individual,Manual,Third Owner,5.0,88.73,,21.19,1396.0
778.0,MARUTI,2011.0,250000.0,,Diesel,Individual,Manual,Second Owner,,88.8,kmpl,21.5,1248.0
782.0,,2012.0,450000.0,120000.0,Diesel,Individual,Manual,Second Owner,5.0,126.32,kmpl,22.32,1582.0
787.0,Hyundai,2019.0,1000000.0,15000.0,,Individual,Manual,First Owner,5.0,88.7,kmpl,22.1,
789.0,Maruti,2012.0,,108000.0,Diesel,Individual,Manual,First Owner,5.0,74.0,kmpl,23.4,1248.0
792.0,Ford,2011.0,175000.0,90400.0,Diesel,Individual,,First Owner,,68.0,,20.0,1399.0
794.0,NAN,,85000.0,120000.0,Diesel,Individual,Manual,,5.0,58.0,kmpl,20.8,1527.0
795.0,Maruti,2019.0,675000.0,5000.0,Petrol,Individual,Manual,First Owner,5.0,,kmpl,21.21,1197.0
796.0,Renault,2016.0,535000.0,,Diesel,,Manual,First Owner,5.0,83.8,kmpl,19.87,1461.0
797.0,,2019.0,675000.0,5000.0,Petrol,Individual,Manual,First Owner,7.0,72.0,kmpl,20.0,999.0
799.0,,2012.0,425000.0,96000.0,Diesel,Individual,Manual,Second Owner,7.0,88.8,kmpl,20.77,1248.0
804.0,,2017.0,850000.0,63186.0,Diesel,Individual,Manual,,5.0,88.73,kmpl,22.54,1396.0
808.0,Maruti,2019.0,675000.0,5000.0,,Individual,Automatic,First Owner,5.0,83.1,kmpl,21.4,1197.0
809.0,Maruti,2010.0,150000.0,91500.0,Petrol,Individual,Manual,First Owner,5.0,46.3,kmpl,19.7,796.0
,Volkswagen,2012.0,350000.0,40000.0,Diesel,Individual,Manual,First Owner,5.0,103.6,kmpl,20.54,1598.0
812.0,Maruti,,300000.0,,Diesel,Individual,Manual,First Owner,,,kmpl,23.2,1248.0
816.0,Hyundai,2013.0,700000.0,120000.0,Diesel,Individual,Manual,First Owner,,126.24,kmpl,22.7,1582.0
817.0,Chevrolet,2013.0,,65000.0,Diesel,Individual,Manual,,5.0,76.9,kmpl,22.1,1248.0
820.0,Hyundai,2015.0,650000.0,,Diesel,,Manual,,5.0,88.73,kmpl,22.54,1396.0
821.0,HYUNDAI,2015.0,650000.0,80000.0,Diesel,Individual,Manual,First Owner,5.0,,kmpl,22.54,1396.0
822.0,VOLKSWAGEN,2013.0,350000.0,80000.0,Diesel,Individual,Manual,Third Owner,5.0,73.9,kmpl,22.07,1199.0
825.0,Maruti,2013.0,240000.0,60000.0,Petrol,Individual,Manual,,5.0,67.1,kmpl,20.92,998.0
833.0,,2014.0,550000.0,50000.0,Diesel,Individual,Manual,Second Owner,7.0,88.76,kmpl,20.77,
837.0,Maruti,2013.0,350000.0,40000.0,,Individual,Manual,First Owner,5.0,67.04,kmpl,20.51,998.0
851.0,Ford,,,81632.0,Diesel,Dealer,,First Owner,,68.0,kmpl,20.0,1399.0
NAN,FORD,2014.0,750000.0,101504.0,Diesel,Dealer,Manual,First Owner,5.0,89.84,kmpl,22.7,1498.0
,Ford,2013.0,600000.0,125531.0,Diesel,Dealer,,Second Owner,5.0,,kmpl,22.77,1498.0
861.0,Tata,2018.0,950000.0,40000.0,Diesel,Individual,Automatic,,5.0,108.5,kmpl,21.5,1497.0
,Maruti,2013.0,409999.0,100000.0,Diesel,Individual,,Third Owner,5.0,73.94,kmpl,23.2,1248.0
866.0,Maruti,2000.0,108000.0,206000.0,Petrol,Individual,Manual,Fourth & Above Owner,5.0,46.3,kmpl,19.7,796.0
867.0,Maruti,2017.0,425000.0,40000.0,Petrol,Individual,Manual,Second Owner,5.0,67.04,kmpl,23.1,998.0
869.0,Hyundai,2013.0,310000.0,70000.0,Petrol,Individual,Manual,First Owner,5.0,,kmpl,19.81,1086.0
870.0,Hyundai,2017.0,1125000.0,105000.0,Diesel,Individual,Manual,First Owner,5.0,88.7,kmpl,21.38,1396.0
872.0,Volkswagen,2011.0,388000.0,80000.0,Diesel,Individual,Manual,Second Owner,5.0,73.9,,22.07,1199.0
875.0,Maruti,2009.0,120000.0,90000.0,Petrol,,Manual,First Owner,5.0,,kmpl,19.7,796.0
877.0,Maruti,2015.0,270000.0,53000.0,Petrol,Individual,Manual,Second Owner,5.0,47.3,kmpl,22.74,796.0
,Maruti,2019.0,600000.0,10000.0,Petrol,Individual,Automatic,First Owner,5.0,81.8,kmpl,21.21,1197.0
888.0,Maruti,2013.0,215000.0,25000.0,Petrol,Individual,,First Owner,5.0,67.1,kmpl,20.92,998.0
894.0,Hyundai,2015.0,750000.0,74000.0,Diesel,Individual,Manual,First Owner,5.0,126.2,kmpl,19.67,1582.0
897.0,Maruti,,795000.0,41779.0,Petrol,Dealer,Manual,,,81.8,kmpl,21.21,1197.0
905.0,Maruti,2018.0,750000.0,,Petrol,Dealer,Manual,First Owner,5.0,81.8,kmpl,22.0,1197.0
908.0,Hyundai,2017.0,1150000.0,63309.0,Diesel,Dealer,Manual,First Owner,5.0,126.2,kmpl,19.67,1582.0
,Maruti,2016.0,400000.0,35000.0,Petrol,,Automatic,,5.0,67.04,kmpl,23.1,998.0
918.0,Chevrolet,2015.0,480000.0,80000.0,Diesel,,Manual,Second Owner,5.0,74.0,kmpl,22.1,
919.0,,2005.0,90000.0,40000.0,Petrol,Individual,Manual,Second Owner,5.0,46.3,kmpl,,796.0
920.0,NAN,2005.0,80000.0,40000.0,Petrol,Individual,Manual,,5.0,46.3,kmpl,19.7,796.0
921.0,Maruti,2015.0,350000.0,,Diesel,Individual,Manual,First Owner,5.0,,kmpl,23.2,1248.0
,Mahindra,2012.0,350000.0,25000.0,Diesel,Individual,Manual,First Owner,5.0,65.0,kmpl,21.03,1461.0
928.0,,2016.0,340000.0,40000.0,Petrol,Individual,Manual,First Owner,5.0,67.04,,20.51,998.0
,Hyundai,2014.0,300000.0,65000.0,Petrol,Individual,Manual,First Owner,5.0,78.9,kmpl,20.36,
931.0,,2014.0,204999.0,15000.0,Petrol,Individual,Manual,Second Owner,5.0,47.3,kmpl,22.74,796.0
932.0,Mahindra,2012.0,254999.0,70000.0,,Individual,Manual,Second Owner,5.0,65.0,kmpl,20.8,1461.0
934.0,Hyundai,2017.0,280000.0,50000.0,Petrol,Individual,Manual,Second Owner,5.0,55.2,,21.1,
940.0,Hyundai,2011.0,225000.0,80000.0,Petrol,Individual,,Second Owner,5.0,68.05,kmpl,19.81,1086.0
941.0,,2012.0,260000.0,70000.0,Diesel,Individual,Manual,Second Owner,5.0,65.0,kmpl,,
943.0,Ford,2012.0,280000.0,60000.0,Diesel,Individual,Manual,First Owner,5.0,68.0,,20.0,1399.0
944.0,Mahindra,2014.0,350000.0,106000.0,Diesel,Individual,Manual,Second Owner,5.0,65.0,kmpl,,1461.0
949.0,Maruti,2013.0,,27000.0,Petrol,Individual,Manual,First Owner,5.0,67.1,kmpl,20.92,998.0
950.0,Maruti,2007.0,95000.0,70000.0,Petrol,,Manual,Second Owner,5.0,46.3,kmpl,19.7,796.0
954.0,Maruti,2017.0,610000.0,15000.0,Petrol,Individual,Manual,First Owner,5.0,81.8,,22.0,1197.0
959.0,Maruti,2015.0,511000.0,30000.0,Petrol,Individual,Manual,First Owner,5.0,83.14,kmpl,20.85,
962.0,Renault,2013.0,434999.0,120000.0,Diesel,Individual,Manual,First Owner,5.0,84.8,kmpl,21.64,1461.0
963.0,Ford,2010.0,210000.0,100000.0,Diesel,Individual,Manual,Second Owner,5.0,,kmpl,20.0,1399.0
967.0,Renault,2017.0,290000.0,50000.0,Petrol,Individual,Manual,First Owner,5.0,67.0,kmpl,23.01,999.0
973.0,Maruti,2006.0,100000.0,,Petrol,Individual,Manual,,5.0,46.3,,19.7,796.0
976.0,Maruti,2019.0,450000.0,10000.0,CNG,Individual,,First Owner,5.0,61.7,km/kg,21.94,
980.0,Maruti,,351000.0,89100.0,Diesel,Individual,Manual,Second Owner,5.0,73.94,,,1248.0
982.0,Hyundai,2015.0,225000.0,120000.0,Petrol,Individual,Manual,Second Owner,5.0,55.2,kmpl,,814.0
989.0,MARUTI,2011.0,140000.0,,Petrol,Individual,Manual,,5.0,,kmpl,20.92,998.0
990.0,Maruti,2017.0,,,,Individual,Manual,First Owner,5.0,61.7,km/kg,21.94,1196.0
992.0,Hyundai,2015.0,500000.0,126000.0,Diesel,Individual,Manual,First Owner,5.0,88.73,kmpl,,1396.0
993.0,Hyundai,2019.0,,15000.0,Petrol,Individual,,First Owner,5.0,81.86,kmpl,20.14,
995.0,Maruti,2009.0,120000.0,120000.0,Petrol,Individual,Manual,,5.0,46.3,kmpl,19.7,796.0
1002.0,MARUTI,2011.0,280000.0,210000.0,Diesel,Individual,Manual,First Owner,5.0,74.0,kmpl,22.9,1248.0
1004.0,Maruti,2009.0,180000.0,85000.0,Diesel,Individual,Manual,Third Owner,5.0,73.9,kmpl,21.1,1248.0
1006.0,Hyundai,2009.0,340000.0,40000.0,Diesel,Individual,Manual,First Owner,5.0,90.0,kmpl,23.0,1396.0
1008.0,Maruti,2017.0,400000.0,65000.0,Petrol,Individual,Manual,Second Owner,5.0,67.04,kmpl,20.51,998.0
1016.0,Maruti,2005.0,95000.0,70000.0,Petrol,Individual,Manual,Third Owner,5.0,46.3,kmpl,19.7,796.0
1018.0,RENAULT,2017.0,880000.0,65000.0,Diesel,Individual,Manual,First Owner,8.0,108.5,kmpl,19.98,1461.0
1020.0,,2019.0,480000.0,25000.0,Petrol,Individual,Manual,First Owner,5.0,81.8,kmpl,20.52,1197.0
1023.0,Honda,2016.0,,72113.0,Diesel,Individual,Manual,First Owner,7.0,98.6,,,1498.0
1024.0,Tata,2012.0,300000.0,40000.0,Diesel,Individual,Manual,First Owner,5.0,70.0,kmpl,23.57,1396.0
1026.0,Maruti,2010.0,220000.0,20000.0,Petrol,Individual,Manual,First Owner,5.0,,kmpl,21.1,1197.0
1028.0,Maruti,2014.0,450000.0,,Diesel,Individual,Manual,First Owner,5.0,74.0,kmpl,23.4,1248.0
1033.0,,2018.0,800000.0,,,Individual,Manual,First Owner,5.0,88.76,kmpl,21.19,1396.0
1036.0,Volkswagen,2011.0,375000.0,69000.0,Diesel,Individual,Manual,Second Owner,5.0,103.6,kmpl,20.54,1598.0
1038.0,MARUTI,,60000.0,113000.0,Petrol,Individual,Manual,,5.0,46.3,kmpl,19.7,796.0
1040.0,,2012.0,300000.0,100000.0,Diesel,Individual,Manual,Third Owner,5.0,63.12,kmpl,23.08,1461.0
1041.0,TATA,2012.0,150000.0,110000.0,Diesel,Individual,Manual,First Owner,5.0,74.0,kmpl,22.3,
1042.0,Ford,2015.0,600000.0,90000.0,Diesel,Individual,Manual,,5.0,98.59,kmpl,22.77,1498.0
1043.0,FORD,2011.0,204999.0,,Diesel,Individual,Manual,Second Owner,5.0,68.0,kmpl,20.0,1399.0
1049.0,Maruti,2019.0,610000.0,,Petrol,Individual,Automatic,First Owner,5.0,81.8,kmpl,21.21,1197.0
,Maruti,2014.0,509999.0,110000.0,Diesel,Individual,Manual,First Owner,5.0,74.0,kmpl,23.4,1248.0
1052.0,Maruti,2014.0,,,Diesel,Individual,Manual,First Owner,5.0,74.0,kmpl,23.4,1248.0
,Hyundai,2014.0,451000.0,91000.0,Diesel,Individual,Manual,First Owner,5.0,88.73,,22.54,1396.0
1054.0,Hyundai,2009.0,,,Petrol,,Manual,First Owner,5.0,78.9,kmpl,20.36,1197.0
1055.0,Maruti,2013.0,450000.0,120000.0,,Individual,Manual,Second Owner,5.0,74.0,,23.4,1248.0
1057.0,MARUTI,2016.0,305000.0,60000.0,Petrol,Individual,Manual,Second Owner,5.0,47.3,kmpl,,796.0
1059.0,Chevrolet,2016.0,250000.0,60000.0,Diesel,Individual,Manual,Second Owner,5.0,,kmpl,22.1,1248.0
1060.0,Ford,2012.0,200000.0,104500.0,Diesel,Individual,Manual,Second Owner,5.0,,kmpl,,1399.0
1062.0,Maruti,2014.0,509999.0,100000.0,Diesel,Individual,Manual,,5.0,74.0,kmpl,,1248.0
1070.0,Maruti,,235000.0,50000.0,Petrol,Individual,Manual,First Owner,5.0,47.3,kmpl,22.74,796.0
1072.0,Maruti,2019.0,,10000.0,Petrol,Individual,Manual,First Owner,5.0,81.8,kmpl,21.21,1197.0
1073.0,MAHINDRA,2018.0,500000.0,10000.0,Diesel,Individual,Manual,,8.0,45.0,kmpl,,909.0
1091.0,Maruti,2019.0,450000.0,60000.0,CNG,Individual,Manual,First Owner,5.0,61.7,,21.94,1196.0
,Hyundai,2013.0,325000.0,70000.0,Diesel,Individual,Manual,Third Owner,5.0,88.76,kmpl,21.9,1396.0
1093.0,VOLKSWAGEN,,260000.0,120000.0,Diesel,Individual,Manual,Third Owner,5.0,,kmpl,20.54,1598.0
1094.0,,,130000.0,80000.0,Petrol,Individual,Manual,Third Owner,,46.3,kmpl,19.7,796.0
1097.0,Hyundai,2014.0,275000.0,53000.0,Petrol,Individual,Manual,,5.0,78.9,kmpl,20.36,1197.0
1100.0,Volkswagen,2013.0,330000.0,100000.0,Diesel,Individual,,Third Owner,5.0,103.6,kmpl,20.54,1598.0
1102.0,Maruti,2012.0,450000.0,98000.0,Diesel,Individual,Manual,Fourth & Above Owner,7.0,88.8,kmpl,,1248.0
1103.0,Hyundai,2014.0,,60000.0,Petrol,,Manual,First Owner,5.0,55.2,kmpl,,814.0
1104.0,Hyundai,2010.0,165000.0,80000.0,,Individual,Manual,Third Owner,5.0,78.9,kmpl,,1197.0
1107.0,Tata,2017.0,525000.0,19723.0,Petrol,,Automatic,,5.0,84.0,,20.3,1199.0
1112.0,Hyundai,2017.0,675000.0,25471.0,Diesel,,Manual,First Owner,5.0,90.0,kmpl,21.9,1396.0
1119.0,Maruti,2016.0,400000.0,74381.0,Petrol,Dealer,Manual,First Owner,5.0,67.05,kmpl,21.79,998.0
1121.0,Ford,,,,,Dealer,Manual,First Owner,5.0,89.84,kmpl,22.7,1498.0
1125.0,Hyundai,2012.0,,56000.0,Petrol,Individual,Manual,First Owner,5.0,78.9,kmpl,20.36,1197.0
1126.0,HYUNDAI,,,19500.0,Petrol,Dealer,Manual,First Owner,5.0,68.07,kmpl,20.3,1086.0
,Hyundai,2016.0,575000.0,53000.0,Diesel,Dealer,Manual,First Owner,5.0,,kmpl,22.54,1396.0
1129.0,Hyundai,2017.0,600000.0,5000.0,Petrol,Individual,Manual,First Owner,5.0,81.86,kmpl,20.14,1197.0
1137.0,Toyota,2013.0,270000.0,52380.0,Diesel,Dealer,Manual,First Owner,5.0,67.04,kmpl,23.59,1364.0
1138.0,Mahindra,2018.0,660000.0,74250.0,Diesel,Dealer,Manual,First Owner,,74.96,kmpl,21.0,1498.0
1139.0,,2017.0,490000.0,57247.0,Petrol,Dealer,Automatic,First Owner,5.0,81.8,kmpl,20.89,1197.0
1144.0,Maruti,nan,125000.0,120000.0,Petrol,Individual,Manual,Third Owner,5.0,46.3,kmpl,19.7,796.0
1146.0,Maruti,2015.0,335000.0,30000.0,Petrol,Individual,Manual,,5.0,67.04,kmpl,20.51,998.0
1148.0,Volkswagen,2012.0,229999.0,70000.0,Diesel,Individual,,Fourth & Above Owner,5.0,73.9,kmpl,22.07,
1149.0,Hyundai,2017.0,731000.0,40000.0,Diesel,Individual,Manual,First Owner,,88.73,,22.54,1396.0
1150.0,Hyundai,2012.0,395000.0,120000.0,,Individual,,First Owner,5.0,126.32,kmpl,22.32,1582.0
1152.0,HYUNDAI,2014.0,220000.0,50000.0,Petrol,Individual,Manual,Third Owner,5.0,55.2,kmpl,21.1,814.0
1153.0,Ford,2013.0,240000.0,100000.0,Diesel,Individual,Manual,First Owner,5.0,68.1,kmpl,20.0,
1154.0,Hyundai,2010.0,215000.0,120000.0,Diesel,Individual,Manual,Third Owner,5.0,90.0,kmpl,23.0,1396.0
1155.0,Maruti,2012.0,400000.0,90000.0,Diesel,Individual,Manual,Second Owner,5.0,74.0,,22.9,1248.0
1158.0,Tata,,250000.0,20000.0,Petrol,Individual,Automatic,First Owner,4.0,37.48,kmpl,21.9,624.0
1164.0,HYUNDAI,2019.0,850000.0,10000.0,Diesel,Individual,Manual,First Owner,5.0,88.76,kmpl,22.54,1396.0
1167.0,MARUTI,2012.0,250000.0,90000.0,Petrol,Individual,Manual,First Owner,5.0,67.1,kmpl,20.92,998.0
1168.0,,2016.0,651000.0,42323.0,Diesel,Dealer,Manual,First Owner,,88.76,kmpl,,
1173.0,Maruti,2018.0,480000.0,20375.0,Petrol,Dealer,,,5.0,,kmpl,20.89,1197.0
1175.0,Mahindra,2015.0,445000.0,40200.0,Diesel,Dealer,Manual,First Owner,7.0,74.96,,21.0,
1177.0,Maruti,2014.0,560000.0,90000.0,Diesel,Individual,Manual,,7.0,88.8,kmpl,20.77,
1178.0,Ford,2013.0,475000.0,48000.0,Diesel,Dealer,Manual,Second Owner,5.0,98.96,kmpl,,1498.0
1180.0,Maruti,2017.0,520000.0,28832.0,Diesel,Dealer,Manual,First Owner,5.0,74.0,kmpl,,1248.0
1185.0,Hyundai,2009.0,229999.0,50000.0,Petrol,Individual,Manual,Second Owner,5.0,68.05,,19.81,1086.0
1189.0,Maruti,,250000.0,60000.0,Diesel,Individual,Manual,Second Owner,5.0,73.9,kmpl,21.1,1248.0
1192.0,Ford,2010.0,144000.0,50000.0,Diesel,Individual,Manual,Second Owner,5.0,68.0,kmpl,20.0,1399.0
1198.0,Chevrolet,nan,260000.0,,Diesel,Individual,Manual,First Owner,5.0,74.0,kmpl,22.1,1248.0
1199.0,Toyota,2015.0,475000.0,120000.0,Diesel,Individual,Manual,First Owner,5.0,67.05,kmpl,23.59,1364.0
1200.0,Ford,2011.0,302000.0,103000.0,,Individual,Manual,,,68.0,,,1399.0
1203.0,Maruti,2015.0,700000.0,50000.0,,Individual,Manual,First Owner,7.0,88.76,kmpl,,1248.0
1205.0,Tata,2017.0,,70000.0,Diesel,Individual,Manual,First Owner,5.0,108.5,kmpl,21.5,1497.0
,Hyundai,2018.0,850000.0,60000.0,Diesel,Individual,Manual,First Owner,5.0,88.76,kmpl,22.54,1396.0
1214.0,Maruti,2006.0,160000.0,90000.0,Petrol,Individual,Manual,First Owner,5.0,46.3,kmpl,19.7,796.0
1216.0,Hyundai,2015.0,310000.0,50000.0,Petrol,Individual,Manual,First Owner,5.0,68.05,kmpl,19.81,1086.0
1220.0,,2015.0,405000.0,68000.0,Petrol,Individual,Manual,Second Owner,5.0,81.8,kmpl,20.4,1197.0
1225.0,Hyundai,2007.0,135000.0,100000.0,Petrol,,Manual,Second Owner,5.0,68.05,kmpl,19.81,1086.0
1229.0,Maruti,2018.0,400000.0,17500.0,Petrol,Individual,Manual,First Owner,5.0,67.04,kmpl,20.51,998.0
1232.0,Maruti,2016.0,350000.0,25000.0,Petrol,,Manual,First Owner,,,kmpl,20.51,998.0
1234.0,Maruti,2012.0,185000.0,60000.0,Petrol,Individual,Manual,Second Owner,5.0,46.3,kmpl,19.7,796.0
1235.0,Volkswagen,2013.0,550000.0,38000.0,Diesel,Individual,Manual,First Owner,5.0,73.9,kmpl,22.07,1199.0
1238.0,Honda,2016.0,900000.0,92000.0,Diesel,Individual,,,7.0,98.6,kmpl,21.9,1498.0
1240.0,Maruti,2018.0,625000.0,10000.0,Petrol,,Manual,First Owner,5.0,,kmpl,,1197.0
1247.0,,2012.0,290000.0,100000.0,Diesel,,,Second Owner,5.0,,kmpl,21.9,1396.0
1251.0,Maruti,2015.0,,28000.0,Petrol,Individual,Manual,Second Owner,5.0,47.3,kmpl,22.74,796.0
1257.0,Renault,2017.0,650000.0,120000.0,Diesel,Individual,Manual,First Owner,5.0,83.8,,19.87,1461.0
1261.0,Maruti,2014.0,650000.0,50000.0,Diesel,Individual,Manual,First Owner,5.0,74.0,kmpl,23.4,1248.0
1266.0,Maruti,2015.0,650000.0,26000.0,Petrol,Individual,Manual,First Owner,,,kmpl,20.73,1373.0
1269.0,,2019.0,700000.0,20000.0,Petrol,Individual,Automatic,First Owner,5.0,81.8,kmpl,,1197.0
1274.0,Renault,2016.0,515000.0,40000.0,Diesel,,Manual,First Owner,5.0,83.8,kmpl,19.87,1461.0
,Maruti,2020.0,630000.0,5000.0,Petrol,Individual,Manual,First Owner,5.0,81.8,kmpl,21.01,1197.0
1276.0,Maruti,2016.0,300000.0,40000.0,Petrol,Individual,Manual,First Owner,5.0,47.3,kmpl,,796.0
,Maruti,2005.0,90000.0,100000.0,,Individual,,Fourth & Above Owner,,46.3,kmpl,19.7,796.0
1285.0,Hyundai,2019.0,550000.0,4701.0,Petrol,Trustmark Dealer,Manual,First Owner,,81.86,kmpl,20.7,1197.0
1286.0,Maruti,2016.0,600000.0,6757.0,Petrol,Trustmark Dealer,Manual,First Owner,,81.8,kmpl,21.01,1197.0
1291.0,Maruti,2014.0,200000.0,43381.0,Petrol,,Manual,Second Owner,5.0,47.3,kmpl,22.74,796.0
1293.0,,2014.0,425000.0,50000.0,Diesel,Individual,Manual,Second Owner,5.0,88.73,kmpl,21.79,1248.0
1298.0,Maruti,2018.0,575000.0,20000.0,Petrol,Individual,Manual,,5.0,83.1,kmpl,,1197.0
1300.0,Ford,2015.0,600000.0,63000.0,Diesel,Individual,Manual,First Owner,,98.59,kmpl,22.77,1498.0
,Renault,2018.0,350000.0,30000.0,Petrol,Individual,Manual,First Owner,,67.0,kmpl,23.01,999.0
,Maruti,2017.0,400000.0,12700.0,Petrol,Individual,Manual,First Owner,5.0,67.04,kmpl,20.51,998.0
,Tata,2018.0,700000.0,35000.0,,Individual,Manual,,5.0,108.5,kmpl,21.5,1497.0
1316.0,HYUNDAI,2008.0,165000.0,90000.0,Petrol,Individual,Manual,First Owner,5.0,68.05,kmpl,19.81,1086.0
1322.0,Maruti,2005.0,180000.0,49455.0,Petrol,Individual,Manual,First Owner,5.0,46.3,kmpl,19.7,796.0
1323.0,Hyundai,2016.0,220000.0,,Petrol,Individual,Manual,First Owner,5.0,55.2,kmpl,,814.0
1324.0,Tata,2013.0,120000.0,120000.0,Diesel,Individual,Manual,First Owner,5.0,74.0,kmpl,22.3,1248.0
,Chevrolet,2013.0,420000.0,46815.0,Diesel,Individual,Manual,Second Owner,5.0,76.9,kmpl,22.1,1248.0
1328.0,Hyundai,2015.0,250000.0,80000.0,Petrol,Individual,Manual,First Owner,5.0,55.2,kmpl,21.1,814.0
1329.0,Maruti,2013.0,385000.0,100000.0,,Individual,Manual,Third Owner,7.0,88.8,kmpl,20.77,1248.0
1330.0,Maruti,2014.0,318000.0,80000.0,Petrol,Individual,Manual,First Owner,5.0,67.06,kmpl,20.51,998.0
1331.0,Hyundai,2018.0,480000.0,40000.0,,Individual,Manual,First Owner,5.0,81.86,kmpl,20.14,1197.0
1332.0,Maruti,2015.0,330000.0,70000.0,Petrol,Individual,Manual,Third Owner,5.0,67.04,kmpl,23.1,998.0
,Maruti,2014.0,250000.0,40000.0,Petrol,Individual,Manual,First Owner,5.0,47.3,kmpl,22.74,796.0
1337.0,Hyundai,2016.0,650000.0,30000.0,Diesel,Individual,Manual,First Owner,,88.73,,22.54,1396.0
1345.0,Ford,2011.0,200000.0,80000.0,Diesel,Individual,Manual,Second Owner,5.0,68.0,kmpl,20.0,1399.0
1347.0,Honda,2008.0,250000.0,60000.0,Petrol,Individual,Automatic,Third Owner,5.0,108.5,kmpl,20.0,1339.0
1350.0,,2018.0,560000.0,20000.0,Petrol,Individual,,First Owner,,83.1,kmpl,21.4,1197.0
1351.0,Maruti,2016.0,500000.0,30000.0,Petrol,Individual,Manual,First Owner,5.0,83.14,kmpl,20.85,1197.0
1353.0,Hyundai,2013.0,420000.0,69000.0,Diesel,Individual,Manual,Third Owner,5.0,126.32,kmpl,22.32,1582.0
1354.0,Maruti,2015.0,,25000.0,Petrol,Individual,Manual,,5.0,83.14,kmpl,20.85,1197.0
1359.0,Hyundai,2020.0,675000.0,5000.0,Petrol,Individual,Automatic,First Owner,5.0,81.86,kmpl,20.7,1197.0
1360.0,,2009.0,170000.0,90000.0,Petrol,Individual,Manual,Second Owner,5.0,78.9,kmpl,20.36,1197.0
1361.0,Hyundai,2017.0,1250000.0,90000.0,,Individual,Manual,First Owner,5.0,126.2,kmpl,19.67,1582.0
1373.0,Maruti,,270000.0,89000.0,Diesel,Individual,Manual,Second Owner,5.0,73.9,kmpl,21.1,
1377.0,Maruti,2013.0,480000.0,80000.0,Diesel,Individual,Manual,First Owner,5.0,,kmpl,,1248.0
1378.0,Hyundai,2016.0,700000.0,40000.0,Diesel,Individual,Manual,,5.0,88.73,kmpl,22.54,1396.0
,Maruti,2015.0,650000.0,110000.0,Diesel,Individual,Manual,Third Owner,7.0,88.76,kmpl,20.77,1248.0
1380.0,Hyundai,2015.0,,48000.0,Diesel,Individual,,Second Owner,5.0,,kmpl,19.67,1582.0
,Volkswagen,2016.0,1000000.0,,Diesel,Individual,Automatic,First Owner,5.0,108.6,,22.15,1498.0
1384.0,Hyundai,,,40000.0,Petrol,Individual,,First Owner,5.0,55.2,kmpl,21.1,814.0
1387.0,Maruti,2016.0,260000.0,,Petrol,Individual,Manual,Second Owner,5.0,47.3,kmpl,22.74,796.0
1390.0,Toyota,nan,400000.0,120000.0,Diesel,Individual,Manual,Second Owner,5.0,67.04,kmpl,23.59,1364.0
NAN,TATA,2017.0,830000.0,35000.0,Diesel,Individual,Manual,First Owner,5.0,,kmpl,21.5,1497.0
1395.0,Ford,2017.0,850000.0,,Diesel,,Manual,First Owner,,,kmpl,22.77,1498.0
1396.0,MARUTI,2017.0,650000.0,70000.0,Petrol,Individual,Manual,First Owner,5.0,83.14,kmpl,20.85,1197.0
1399.0,Maruti,2019.0,,20000.0,Petrol,Individual,Automatic,First Owner,5.0,81.8,,20.89,1197.0
1400.0,Hyundai,2015.0,,108000.0,Diesel,Individual,Manual,,5.0,88.73,kmpl,21.19,1396.0
1401.0,Maruti,2019.0,,15000.0,Petrol,Individual,Manual,First Owner,5.0,81.8,kmpl,21.21,1197.0
1403.0,Maruti,2015.0,,18500.0,Petrol,,Manual,First Owner,5.0,67.04,kmpl,20.51,998.0
1407.0,,2011.0,475000.0,80000.0,Diesel,Individual,Manual,First Owner,5.0,126.32,kmpl,,1582.0
1408.0,Hyundai,2013.0,190000.0,70000.0,Petrol,Individual,Manual,First Owner,5.0,55.2,kmpl,21.1,814.0
1413.0,Ford,2011.0,225000.0,70000.0,Diesel,Individual,Manual,First Owner,5.0,68.0,kmpl,20.0,1399.0
1415.0,,2011.0,350000.0,90000.0,Diesel,,Manual,Third Owner,5.0,90.0,kmpl,23.0,1396.0
1417.0,Maruti,2014.0,,50000.0,Petrol,Individual,Manual,First Owner,5.0,47.3,kmpl,22.74,796.0
1418.0,Maruti,2012.0,80000.0,120000.0,Petrol,Individual,,Second Owner,8.0,35.0,kmpl,19.7,796.0
1423.0,Tata,2019.0,650000.0,15000.0,Diesel,Individual,Manual,First Owner,5.0,74.0,kmpl,22.95,1248.0
1424.0,Maruti,2011.0,210000.0,35000.0,Petrol,,Manual,Second Owner,5.0,67.1,,20.92,998.0
1425.0,Maruti,2008.0,110000.0,80000.0,Petrol,Individual,Manual,Second Owner,5.0,46.3,kmpl,19.7,796.0
1426.0,Tata,2017.0,,25000.0,Diesel,Individual,Manual,First Owner,,108.5,,21.5,1497.0
1427.0,NAN,2017.0,555000.0,52000.0,Diesel,Individual,,First Owner,5.0,108.62,kmpl,21.66,1498.0
1428.0,NAN,2017.0,560000.0,52000.0,Diesel,Individual,Manual,First Owner,,108.62,,21.66,1498.0
1435.0,Hyundai,,350000.0,116500.0,Diesel,Individual,Manual,First Owner,5.0,90.0,kmpl,23.0,1396.0
1442.0,Hyundai,2019.0,525000.0,100000.0,Petrol,Individual,Manual,First Owner,5.0,81.86,kmpl,20.14,1197.0
1445.0,,2016.0,,145000.0,Diesel,Individual,Manual,,5.0,67.05,kmpl,23.59,1364.0
1446.0,Ford,2011.0,225000.0,90000.0,Diesel,Individual,Manual,Second Owner,5.0,,kmpl,20.0,1399.0
1447.0,Hyundai,2019.0,590000.0,90000.0,Petrol,Individual,,First Owner,5.0,81.86,kmpl,20.14,1197.0
1452.0,MARUTI,2013.0,520000.0,58000.0,Diesel,Individual,Manual,First Owner,5.0,74.0,kmpl,23.4,1248.0
1453.0,Hyundai,2013.0,200000.0,40000.0,Petrol,,Manual,,5.0,,kmpl,21.1,814.0
1457.0,Maruti,2014.0,325000.0,90000.0,Diesel,Individual,Manual,Second Owner,5.0,73.94,kmpl,,1248.0
1458.0,Maruti,2015.0,350000.0,50000.0,Petrol,Individual,Manual,Second Owner,5.0,67.04,kmpl,20.51,998.0
1459.0,HYUNDAI,,440000.0,80000.0,Diesel,Individual,Manual,Third Owner,5.0,126.3,kmpl,22.32,1582.0
1460.0,Hyundai,2011.0,320000.0,70000.0,Diesel,Individual,Manual,Second Owner,5.0,90.0,kmpl,21.9,
nan,Ford,2014.0,350000.0,,Diesel,Dealer,Manual,First Owner,5.0,67.0,kmpl,19.68,1399.0
1464.0,,2013.0,310000.0,90000.0,Diesel,Individual,,Second Owner,5.0,68.1,kmpl,,1399.0
1467.0,Renault,2014.0,560000.0,,Diesel,,Manual,,5.0,108.45,kmpl,19.72,1461.0
1468.0,,2013.0,470000.0,120000.0,Diesel,Individual,Manual,Third Owner,5.0,74.0,kmpl,22.9,
1471.0,Maruti,,550000.0,5000.0,Petrol,Individual,Manual,First Owner,5.0,81.8,kmpl,,1197.0
1473.0,,2015.0,899000.0,80000.0,Diesel,Individual,Manual,Second Owner,5.0,126.2,kmpl,19.67,1582.0
1476.0,Maruti,2017.0,500000.0,43000.0,Petrol,Individual,Manual,First Owner,5.0,,kmpl,20.85,1197.0
1478.0,Maruti,,220000.0,40000.0,Petrol,Individual,Manual,Second Owner,5.0,47.3,,22.74,796.0
1487.0,Maruti,2011.0,170000.0,,Petrol,Individual,Manual,Third Owner,,,,19.7,796.0
1490.0,Maruti,2016.0,465000.0,20000.0,Petrol,Individual,Manual,First Owner,5.0,67.04,kmpl,20.51,998.0
1491.0,Maruti,2012.0,260000.0,,Petrol,Individual,Manual,First Owner,5.0,67.1,kmpl,20.2,
1493.0,Renault,2017.0,325000.0,38000.0,Petrol,,Manual,First Owner,5.0,67.0,kmpl,23.01,999.0
1499.0,Hyundai,2016.0,340000.0,30000.0,Petrol,Individual,Manual,First Owner,,55.2,kmpl,21.1,814.0
1504.0,Tata,2012.0,259000.0,35000.0,Diesel,Individual,Manual,First Owner,5.0,69.0,kmpl,23.03,1396.0
1509.0,Tata,2010.0,,120000.0,Diesel,,Manual,First Owner,5.0,88.8,kmpl,,1248.0
1511.0,Tata,2012.0,220000.0,90000.0,Diesel,Individual,Manual,First Owner,5.0,69.0,kmpl,23.03,1396.0
1512.0,Tata,2012.0,246000.0,35000.0,Diesel,Individual,Manual,Second Owner,,69.0,kmpl,23.03,1396.0
1514.0,,2018.0,1050000.0,70000.0,Diesel,Individual,Manual,First Owner,5.0,,kmpl,21.38,1396.0
1515.0,Maruti,2016.0,550000.0,20000.0,Petrol,Individual,Manual,First Owner,,81.8,kmpl,20.4,1197.0
1523.0,Maruti,2018.0,430000.0,,Petrol,Trustmark Dealer,Manual,First Owner,5.0,67.04,kmpl,20.51,998.0
1525.0,Maruti,2017.0,570000.0,25272.0,Petrol,,Manual,First Owner,5.0,81.8,kmpl,21.01,1197.0
1529.0,Renault,2018.0,1250000.0,12000.0,Diesel,Individual,Manual,First Owner,5.0,108.45,kmpl,19.6,1461.0
1531.0,Hyundai,2017.0,750000.0,,Diesel,Individual,Manual,,5.0,88.73,kmpl,22.54,1396.0
1538.0,Maruti,2004.0,118000.0,60000.0,Petrol,Individual,Manual,Second Owner,5.0,46.3,kmpl,19.7,
1540.0,Renault,2013.0,585000.0,80000.0,Diesel,Individual,Manual,Second Owner,5.0,83.8,kmpl,20.46,1461.0
1541.0,,2006.0,120000.0,,Petrol,Individual,,Fourth & Above Owner,,,kmpl,19.7,796.0
nan,Maruti,2006.0,150000.0,100000.0,Petrol,Individual,Manual,,5.0,,kmpl,19.7,796.0
1544.0,Maruti,2009.0,150000.0,70000.0,Petrol,Individual,Manual,Fourth & Above Owner,5.0,46.3,kmpl,19.7,796.0
,Maruti,2013.0,599000.0,60000.0,Diesel,Individual,,Second Owner,7.0,88.76,kmpl,20.77,1248.0
1550.0,Maruti,2016.0,570000.0,90000.0,Petrol,Individual,Manual,First Owner,5.0,81.8,,20.4,1197.0
1551.0,Volkswagen,2013.0,440000.0,75000.0,Diesel,Individual,Manual,Second Owner,5.0,73.9,kmpl,22.07,1199.0
1556.0,Renault,2018.0,409999.0,35000.0,Petrol,Individual,Manual,First Owner,5.0,67.0,kmpl,23.01,999.0
1567.0,Tata,,200000.0,84321.0,Diesel,Individual,Manual,First Owner,5.0,70.0,kmpl,,1396.0
1571.0,HYUNDAI,2008.0,215000.0,70000.0,Petrol,Individual,Manual,Second Owner,5.0,78.9,kmpl,20.36,1197.0
,Maruti,2015.0,515000.0,45000.0,Petrol,Individual,Manual,Second Owner,5.0,83.14,,20.85,1197.0
1579.0,Hyundai,2017.0,300000.0,60000.0,Petrol,Individual,Manual,,5.0,,kmpl,20.3,998.0
1582.0,Ford,2012.0,250000.0,40000.0,Diesel,Individual,Manual,,5.0,68.0,,20.0,1399.0
1585.0,Hyundai,2011.0,210000.0,110000.0,Petrol,Individual,,Second Owner,5.0,68.05,,19.81,1086.0
1587.0,Maruti,2007.0,130000.0,88700.0,Petrol,Individual,Manual,Third Owner,5.0,46.3,kmpl,19.7,796.0
1589.0,Maruti,2016.0,310000.0,15000.0,Petrol,Individual,Manual,,5.0,47.3,,22.74,796.0
1590.0,Mahindra,2012.0,200000.0,80000.0,Diesel,Individual,Manual,Second Owner,5.0,65.0,kmpl,20.8,1461.0
1592.0,Hyundai,2018.0,444000.0,15000.0,Petrol,Individual,,First Owner,,55.2,kmpl,21.1,814.0
1593.0,Mahindra,2011.0,225000.0,57000.0,,,Manual,Second Owner,5.0,64.1,kmpl,21.0,1461.0
1597.0,Maruti,2010.0,150000.0,120000.0,Petrol,Individual,Manual,Second Owner,5.0,46.3,kmpl,19.7,796.0
1598.0,Maruti,2014.0,110000.0,50000.0,Petrol,Individual,Manual,Second Owner,5.0,46.3,kmpl,19.7,796.0
1599.0,Maruti,2012.0,225000.0,40000.0,Petrol,Individual,Manual,First Owner,,,,19.7,796.0
1602.0,Maruti,2014.0,650000.0,90000.0,Diesel,,Manual,First Owner,7.0,88.8,kmpl,20.77,1248.0
1606.0,Ford,2011.0,220000.0,100000.0,Diesel,Individual,Manual,First Owner,5.0,68.0,kmpl,20.0,1399.0
1611.0,Volkswagen,2017.0,625000.0,34000.0,Diesel,Individual,,First Owner,5.0,108.495,,,1498.0
1616.0,Maruti,2018.0,475000.0,30000.0,Petrol,Individual,Manual,First Owner,5.0,67.04,kmpl,21.63,
,Hyundai,,540000.0,7000.0,Petrol,Dealer,Manual,,5.0,68.0,kmpl,20.3,1086.0
1620.0,,2019.0,484999.0,4875.0,Petrol,Dealer,,First Owner,5.0,67.04,,21.63,998.0
1625.0,Tata,2017.0,919999.0,26766.0,Diesel,Dealer,Manual,First Owner,5.0,108.5,kmpl,21.5,
1627.0,Maruti,2017.0,600000.0,24522.0,Petrol,Dealer,Manual,First Owner,5.0,81.8,kmpl,20.4,1197.0
1635.0,Renault,2018.0,,30000.0,Petrol,Individual,Manual,First Owner,5.0,67.0,kmpl,23.01,999.0
1638.0,Ford,2012.0,300000.0,90000.0,Diesel,Individual,Manual,,5.0,68.0,,20.0,1399.0
1640.0,Maruti,2013.0,625000.0,160000.0,Diesel,Individual,Manual,Third Owner,7.0,88.76,kmpl,20.77,1248.0
1645.0,Toyota,2017.0,,5000.0,Diesel,,Manual,First Owner,5.0,86.79,kmpl,,1364.0
1647.0,Ford,2018.0,950000.0,,Diesel,,Manual,First Owner,,98.59,kmpl,22.77,1498.0
1651.0,Maruti,2017.0,550000.0,40000.0,Petrol,,Automatic,First Owner,5.0,81.8,kmpl,20.89,1197.0
1659.0,Hyundai,2009.0,150000.0,110000.0,Petrol,Individual,Manual,Second Owner,5.0,78.9,kmpl,20.36,1197.0
1660.0,Hyundai,2016.0,511000.0,80000.0,Diesel,Individual,Manual,First Owner,5.0,88.73,kmpl,22.54,1396.0
1663.0,Maruti,2020.0,420000.0,25000.0,Petrol,Individual,Manual,First Owner,5.0,67.04,kmpl,21.63,998.0
,Maruti,,180000.0,55000.0,Petrol,Individual,Manual,First Owner,5.0,47.3,,22.74,
1672.0,Maruti,2013.0,525000.0,100000.0,Diesel,Individual,Manual,First Owner,5.0,74.0,kmpl,23.4,1248.0
1677.0,Maruti,2013.0,550000.0,100000.0,Diesel,Individual,Manual,First Owner,5.0,74.0,kmpl,23.4,1248.0
1681.0,Hyundai,2012.0,400000.0,138000.0,Diesel,Individual,Manual,First Owner,5.0,126.32,kmpl,22.32,1582.0
1685.0,Maruti,2016.0,,50000.0,,Individual,Manual,First Owner,5.0,47.3,kmpl,22.74,796.0
1686.0,Tata,2013.0,260000.0,189000.0,Diesel,Individual,Manual,First Owner,5.0,88.76,kmpl,21.02,1248.0
1687.0,Volkswagen,2014.0,411000.0,90000.0,Diesel,Individual,,Second Owner,5.0,103.2,kmpl,21.21,1498.0
,Hyundai,,450000.0,56000.0,Diesel,Individual,Manual,First Owner,5.0,88.76,kmpl,21.9,1396.0
1689.0,Maruti,,351000.0,60000.0,Petrol,Individual,Manual,First Owner,5.0,67.04,kmpl,23.1,998.0
1692.0,Maruti,2013.0,200000.0,90000.0,Petrol,Individual,Manual,First Owner,5.0,47.3,kmpl,22.74,796.0
1694.0,HYUNDAI,2017.0,350000.0,,Petrol,Individual,Manual,Second Owner,5.0,55.2,kmpl,21.1,814.0
1700.0,Maruti,2019.0,500000.0,15000.0,Petrol,Individual,Manual,First Owner,5.0,81.8,kmpl,20.89,1197.0
1707.0,Maruti,2012.0,254999.0,30000.0,Petrol,Individual,Manual,First Owner,5.0,47.3,kmpl,22.74,796.0
,Maruti,2011.0,,60000.0,Petrol,Individual,Manual,,5.0,46.3,kmpl,19.7,796.0
1711.0,Maruti,2015.0,270000.0,49900.0,Petrol,Individual,Manual,Second Owner,5.0,47.3,kmpl,,796.0
1712.0,TATA,2012.0,310000.0,,Diesel,Individual,Manual,First Owner,5.0,88.8,kmpl,21.12,1248.0
1714.0,Hyundai,2011.0,180000.0,35000.0,Petrol,Individual,Manual,First Owner,5.0,55.2,kmpl,21.1,814.0
1715.0,Maruti,2015.0,550000.0,50000.0,Petrol,Individual,Manual,First Owner,5.0,83.14,kmpl,20.85,1197.0
1717.0,Hyundai,2015.0,900000.0,145000.0,Diesel,Individual,Manual,First Owner,5.0,126.2,kmpl,22.7,1582.0
1721.0,MARUTI,2016.0,475000.0,,Diesel,Individual,Manual,First Owner,5.0,73.94,kmpl,,1248.0
,Maruti,2016.0,390000.0,80000.0,Petrol,Individual,Manual,First Owner,5.0,67.04,kmpl,,998.0
1729.0,Maruti,,170000.0,75000.0,Petrol,Individual,Manual,,5.0,46.3,kmpl,19.7,796.0
1733.0,Hyundai,2012.0,195000.0,80000.0,Petrol,Individual,,Second Owner,5.0,55.2,kmpl,21.1,814.0
1735.0,Renault,2015.0,484999.0,75000.0,Diesel,Dealer,Manual,First Owner,,83.8,kmpl,19.87,1461.0
1736.0,Maruti,2018.0,650000.0,22000.0,Petrol,,Manual,Second Owner,5.0,103.25,kmpl,21.56,1462.0
1739.0,,2013.0,350000.0,80000.0,Diesel,Individual,Manual,First Owner,5.0,73.9,kmpl,22.07,1199.0
1744.0,FORD,2016.0,650000.0,50000.0,Diesel,Individual,Manual,First Owner,5.0,98.59,kmpl,22.77,1498.0
1745.0,Hyundai,2015.0,822000.0,60000.0,Diesel,Individual,Manual,,5.0,126.2,kmpl,19.67,1582.0
1748.0,Maruti,2012.0,330000.0,50000.0,Diesel,,Manual,Second Owner,5.0,74.0,kmpl,22.9,1248.0
1749.0,Maruti,2014.0,300000.0,74537.0,Petrol,Individual,Manual,Second Owner,5.0,67.04,kmpl,20.51,998.0
1760.0,MARUTI,2019.0,,11000.0,Petrol,Individual,,First Owner,5.0,67.0,kmpl,21.63,998.0
1761.0,Tata,2016.0,360000.0,,Diesel,Individual,Manual,First Owner,,88.7,kmpl,,1248.0
1762.0,Maruti,2012.0,252000.0,48000.0,Petrol,Individual,Manual,First Owner,5.0,67.1,kmpl,20.92,998.0
1763.0,Maruti,2012.0,280000.0,70000.0,Diesel,Individual,Manual,Second Owner,5.0,74.0,kmpl,22.9,
1764.0,MARUTI,2018.0,509999.0,70000.0,Petrol,Individual,Manual,Second Owner,5.0,81.8,,22.0,1197.0
1774.0,Maruti,,,100000.0,Diesel,Individual,Manual,Second Owner,5.0,74.0,,22.9,
1776.0,Hyundai,2010.0,131000.0,80000.0,Petrol,Individual,Manual,Third Owner,5.0,68.05,kmpl,19.81,1086.0
1779.0,Maruti,,200000.0,50000.0,,Individual,Manual,,5.0,47.3,kmpl,22.74,796.0
1782.0,Maruti,nan,380000.0,70000.0,Diesel,Individual,Manual,Third Owner,,74.0,kmpl,,1248.0
1783.0,Maruti,2008.0,128000.0,19000.0,Petrol,Individual,Manual,First Owner,5.0,46.3,kmpl,19.7,796.0
1788.0,Maruti,,400000.0,25000.0,Petrol,Individual,Manual,First Owner,5.0,67.04,kmpl,23.1,998.0
1789.0,Maruti,2012.0,200000.0,29500.0,Petrol,Individual,Manual,First Owner,5.0,,kmpl,20.92,998.0
,Maruti,2016.0,300000.0,50000.0,Petrol,,Manual,,5.0,,kmpl,22.74,796.0
1793.0,Maruti,2012.0,220000.0,100000.0,Petrol,,,First Owner,5.0,47.3,kmpl,22.74,
1795.0,Hyundai,2016.0,,60000.0,Diesel,Individual,Manual,Second Owner,5.0,88.73,kmpl,22.54,1396.0
1798.0,Maruti,2017.0,530000.0,30000.0,Petrol,Individual,Manual,Second Owner,5.0,,kmpl,21.4,1197.0
1803.0,Hyundai,2018.0,325000.0,,Petrol,Individual,Manual,First Owner,5.0,,kmpl,,
,Maruti,2018.0,550000.0,10000.0,Petrol,Individual,Manual,First Owner,5.0,83.1,kmpl,21.4,1197.0
1805.0,Maruti,2018.0,,,Petrol,Individual,Manual,First Owner,5.0,,,20.73,1373.0
1807.0,MARUTI,2013.0,350000.0,,Diesel,Individual,Manual,First Owner,,74.0,kmpl,22.9,1248.0
1814.0,TATA,2018.0,790000.0,60000.0,Diesel,Individual,Manual,First Owner,5.0,108.5,kmpl,21.5,1497.0
1818.0,Mahindra,2019.0,950000.0,17000.0,Diesel,Individual,Manual,First Owner,5.0,115.0,,20.0,1497.0
1819.0,Maruti,2017.0,400000.0,50000.0,Petrol,Individual,Manual,First Owner,5.0,67.04,kmpl,,998.0
1822.0,MAHINDRA,2012.0,260000.0,110000.0,Diesel,Individual,,First Owner,5.0,65.0,kmpl,21.03,1461.0
1823.0,Tata,,200000.0,90000.0,,Individual,Manual,,5.0,70.0,kmpl,,1396.0
1824.0,NAN,2020.0,580000.0,70000.0,Petrol,Individual,Manual,First Owner,5.0,88.5,kmpl,23.26,1197.0
1825.0,Volkswagen,2011.0,330000.0,66000.0,Diesel,Individual,,Second Owner,5.0,105.0,kmpl,20.5,1598.0
1828.0,Mahindra,2014.0,250000.0,50000.0,Diesel,Individual,Manual,Second Owner,5.0,65.0,kmpl,21.03,1461.0
1829.0,Maruti,2013.0,300000.0,70000.0,Diesel,Individual,Manual,,,74.0,,23.4,1248.0
1841.0,Maruti,2015.0,280000.0,80000.0,Petrol,Individual,Manual,First Owner,5.0,47.3,kmpl,22.74,796.0
1845.0,Maruti,2018.0,,24400.0,Petrol,Individual,,,5.0,81.8,kmpl,22.0,1197.0
1849.0,Maruti,2011.0,130000.0,,Petrol,Individual,Manual,Second Owner,,46.3,kmpl,19.7,796.0
1856.0,Ford,2013.0,229999.0,70000.0,Diesel,Individual,Manual,First Owner,5.0,68.1,kmpl,20.0,1399.0
1860.0,Maruti,2016.0,225000.0,35000.0,Petrol,Individual,Manual,Second Owner,5.0,47.3,,,796.0
1862.0,Maruti,2017.0,420000.0,30000.0,Petrol,Individual,Manual,First Owner,5.0,67.04,kmpl,20.51,998.0
1867.0,Maruti,,,120000.0,Petrol,Individual,Manual,Third Owner,8.0,35.0,kmpl,19.7,796.0
1876.0,Maruti,2006.0,120000.0,30000.0,Petrol,Individual,Manual,Second Owner,5.0,46.3,kmpl,19.7,796.0
1884.0,Maruti,2019.0,577000.0,3000.0,Petrol,Individual,Manual,First Owner,5.0,81.8,kmpl,20.89,1197.0
1885.0,Maruti,2012.0,229999.0,50000.0,Petrol,Individual,Manual,First Owner,5.0,67.1,kmpl,20.92,998.0
1888.0,Volkswagen,2017.0,900000.0,74000.0,Diesel,Individual,Manual,First Owner,5.0,108.6,kmpl,,1498.0
1891.0,HYUNDAI,2016.0,250000.0,110000.0,Petrol,,Manual,First Owner,5.0,55.2,kmpl,21.1,814.0
1892.0,Volkswagen,2016.0,550000.0,70000.0,Diesel,,Manual,First Owner,,88.0,kmpl,,
,Maruti,2019.0,490000.0,10000.0,,Individual,Manual,First Owner,5.0,81.8,,20.52,1197.0
1899.0,Hyundai,2009.0,150000.0,80000.0,Petrol,Individual,Manual,Second Owner,5.0,78.9,kmpl,20.36,1197.0
1900.0,Maruti,2013.0,600000.0,184000.0,,Individual,Manual,First Owner,7.0,88.76,kmpl,,1248.0
1904.0,Maruti,2013.0,525000.0,69000.0,Diesel,Individual,Manual,Second Owner,5.0,74.0,kmpl,22.9,1248.0
1906.0,,2017.0,300000.0,,Petrol,Individual,Manual,First Owner,5.0,55.2,kmpl,21.1,
1911.0,Maruti,2020.0,250000.0,,Petrol,Individual,Manual,Second Owner,5.0,67.0,kmpl,21.63,998.0
1912.0,Maruti,,350000.0,70000.0,Petrol,Individual,Manual,,5.0,67.04,kmpl,20.51,998.0
1917.0,Maruti,2007.0,135000.0,57000.0,,Individual,,First Owner,,46.3,,19.7,796.0
,Hyundai,2018.0,946000.0,60000.0,Diesel,Individual,Manual,First Owner,5.0,88.7,kmpl,22.1,1396.0
1921.0,Tata,2011.0,215000.0,70000.0,Diesel,,Manual,First Owner,5.0,69.0,kmpl,23.03,1396.0
1924.0,Hyundai,2008.0,220000.0,,Petrol,Individual,Manual,First Owner,5.0,,kmpl,20.36,1197.0
1931.0,Maruti,2011.0,195000.0,46000.0,Petrol,Individual,Manual,Second Owner,5.0,46.3,kmpl,19.7,796.0
1932.0,Maruti,2010.0,125000.0,80000.0,Petrol,,Manual,Fourth & Above Owner,5.0,46.3,kmpl,19.7,796.0
,Maruti,2015.0,275000.0,16700.0,Petrol,Individual,Manual,First Owner,5.0,47.3,kmpl,22.74,796.0
1936.0,Maruti,2015.0,600000.0,7967.0,Petrol,Individual,,,5.0,83.14,kmpl,,1197.0
,Maruti,2018.0,720000.0,20000.0,Petrol,Individual,Manual,First Owner,5.0,,kmpl,22.0,1197.0
1939.0,,2011.0,225000.0,50000.0,Petrol,Individual,Manual,First Owner,5.0,68.05,kmpl,19.81,
1944.0,Hyundai,2013.0,550000.0,50000.0,Diesel,Individual,Manual,,5.0,88.7,,23.5,1396.0
1948.0,MARUTI,2019.0,610000.0,5000.0,Petrol,Individual,Manual,First Owner,5.0,,kmpl,21.21,1197.0
1949.0,Ford,2016.0,515000.0,68609.0,Diesel,Dealer,Manual,First Owner,5.0,89.84,kmpl,22.7,1498.0
1950.0,Ford,2018.0,925000.0,33360.0,Diesel,Dealer,Manual,First Owner,5.0,98.59,kmpl,22.77,1498.0
1951.0,Ford,2012.0,225000.0,87237.0,Diesel,Dealer,Manual,Second Owner,5.0,68.05,kmpl,20.0,1399.0
1953.0,Maruti,2017.0,600000.0,26634.0,Petrol,Dealer,Automatic,First Owner,,81.8,kmpl,,1197.0
,Renault,2015.0,600000.0,67303.0,Diesel,Dealer,Manual,First Owner,5.0,,kmpl,,1461.0
1961.0,Maruti,2012.0,265000.0,130376.0,Diesel,Dealer,Manual,Second Owner,5.0,73.94,kmpl,23.2,1248.0
1967.0,Maruti,2013.0,525000.0,110000.0,Diesel,Individual,Manual,First Owner,5.0,74.0,kmpl,23.4,1248.0
1968.0,,2017.0,550000.0,30000.0,Petrol,Individual,Manual,First Owner,5.0,84.0,kmpl,20.3,1199.0
NAN,HYUNDAI,,200000.0,70000.0,Petrol,Individual,Manual,Second Owner,,68.05,kmpl,19.81,1086.0
1986.0,Hyundai,,200000.0,60000.0,Petrol,Individual,Manual,Second Owner,5.0,55.2,kmpl,,
1988.0,Hyundai,2010.0,210000.0,,,Individual,Manual,Second Owner,5.0,78.9,kmpl,20.36,1197.0
NAN,TATA,2019.0,660000.0,,Diesel,Individual,Manual,First Owner,5.0,74.0,kmpl,22.95,1248.0
1996.0,Hyundai,2012.0,450000.0,60000.0,Diesel,Individual,Manual,Third Owner,5.0,126.32,kmpl,22.32,1582.0
2002.0,Hyundai,2015.0,978999.0,90000.0,Diesel,Individual,Manual,First Owner,5.0,126.2,kmpl,19.67,1582.0
2004.0,Ford,2012.0,280000.0,60000.0,Diesel,Individual,,,5.0,88.7,kmpl,23.5,
2006.0,Maruti,2013.0,,60000.0,,Individual,Manual,Fourth & Above Owner,5.0,47.3,kmpl,,796.0
2013.0,,2019.0,630000.0,4000.0,Petrol,Individual,,First Owner,5.0,81.8,kmpl,21.21,1197.0
2014.0,Hyundai,2011.0,250000.0,50000.0,Petrol,Individual,Manual,First Owner,5.0,78.9,kmpl,20.36,1197.0
2016.0,Hyundai,2009.0,180000.0,70000.0,Petrol,Individual,Manual,Second Owner,5.0,78.9,kmpl,20.36,1197.0
2021.0,Hyundai,2014.0,348000.0,23000.0,Petrol,Individual,Manual,Second Owner,5.0,78.9,kmpl,20.36,1197.0
2022.0,,2014.0,196000.0,60000.0,Petrol,Individual,,,5.0,47.3,kmpl,22.74,796.0
2026.0,Maruti,2015.0,600000.0,,Diesel,Individual,Manual,Third Owner,7.0,88.76,kmpl,20.77,1248.0
2035.0,Maruti,2007.0,120000.0,53512.0,Petrol,Dealer,Manual,Second Owner,5.0,,kmpl,19.7,796.0
2041.0,Renault,2017.0,265000.0,90000.0,Petrol,Individual,Manual,First Owner,,67.0,kmpl,23.01,999.0
2046.0,Maruti,2007.0,130000.0,78000.0,Petrol,Individual,Manual,First Owner,5.0,46.3,kmpl,19.7,796.0
,Hyundai,2010.0,180000.0,70000.0,Petrol,Individual,Manual,,5.0,78.9,kmpl,20.36,1197.0
2059.0,Maruti,,160000.0,48000.0,Petrol,Individual,Manual,Second Owner,5.0,46.3,kmpl,19.7,796.0
2064.0,Renault,2014.0,480000.0,,Diesel,Individual,Manual,First Owner,5.0,83.8,kmpl,20.45,1461.0
2065.0,Maruti,2013.0,320000.0,100000.0,Diesel,Individual,Manual,Third Owner,5.0,,kmpl,22.9,1248.0
2066.0,Maruti,2013.0,370000.0,96000.0,Diesel,Individual,,,,74.0,kmpl,22.9,1248.0
2068.0,Maruti,,400000.0,60000.0,,Individual,Manual,Third Owner,5.0,73.94,kmpl,23.2,1248.0
2070.0,,2014.0,325000.0,48000.0,Petrol,Individual,Manual,First Owner,5.0,67.04,kmpl,23.1,998.0
2074.0,Maruti,2012.0,200000.0,,Petrol,Individual,,Second Owner,5.0,67.1,,,
2075.0,Maruti,2008.0,100000.0,70000.0,Petrol,Individual,Manual,Third Owner,5.0,46.3,kmpl,,796.0
2077.0,Maruti,2006.0,85000.0,150000.0,,Individual,Manual,Second Owner,5.0,,kmpl,19.7,796.0
2079.0,Hyundai,2014.0,580000.0,56000.0,Diesel,Individual,Manual,First Owner,5.0,126.3,kmpl,22.32,1582.0
2081.0,Ford,2010.0,200000.0,120000.0,Diesel,Individual,Manual,First Owner,5.0,68.0,kmpl,20.0,1399.0
2084.0,Maruti,2012.0,520000.0,73000.0,Diesel,Individual,Manual,First Owner,7.0,88.76,kmpl,20.77,1248.0
2086.0,Renault,2018.0,380000.0,5000.0,Petrol,Individual,Manual,First Owner,5.0,67.0,kmpl,23.01,999.0
2091.0,Renault,2013.0,490000.0,95000.0,Diesel,Individual,Manual,First Owner,5.0,83.8,kmpl,20.46,1461.0
2092.0,,2015.0,229999.0,,Petrol,Individual,Manual,Second Owner,5.0,55.2,kmpl,21.1,814.0
2094.0,Maruti,2019.0,,120000.0,CNG,Individual,Manual,Second Owner,5.0,61.7,km/kg,21.94,1196.0
,Toyota,2014.0,550000.0,31000.0,,Individual,Manual,,5.0,67.06,kmpl,23.59,1364.0
2098.0,Hyundai,2019.0,499000.0,5000.0,Petrol,,Automatic,First Owner,5.0,68.0,kmpl,20.3,1086.0
,Toyota,2012.0,278000.0,120000.0,Diesel,Individual,Manual,Second Owner,5.0,67.1,,23.59,
2101.0,Renault,2013.0,580000.0,67000.0,Diesel,Individual,Manual,Second Owner,,108.5,kmpl,20.4,1461.0
2106.0,Hyundai,2018.0,490000.0,7000.0,Petrol,Individual,Manual,First Owner,5.0,68.0,,20.3,
2110.0,MARUTI,2012.0,320000.0,120000.0,Diesel,,Manual,Second Owner,,74.0,kmpl,22.9,1248.0
2112.0,MARUTI,2013.0,320000.0,120000.0,Diesel,Individual,Manual,First Owner,5.0,73.94,kmpl,,1248.0
2113.0,Toyota,2012.0,600000.0,85000.0,Diesel,Individual,Manual,First Owner,5.0,87.2,kmpl,21.43,1364.0
2114.0,Maruti,2012.0,275000.0,50000.0,Petrol,,Manual,First Owner,5.0,67.1,kmpl,20.92,998.0
2115.0,Maruti,2009.0,170000.0,59000.0,Petrol,Individual,,Second Owner,5.0,46.3,kmpl,19.7,796.0
2117.0,Renault,2015.0,,140000.0,Diesel,Individual,Manual,Second Owner,5.0,83.8,kmpl,20.45,
2119.0,Toyota,2015.0,550000.0,40000.0,,Individual,,,5.0,67.04,kmpl,23.59,1364.0
2129.0,Hyundai,2011.0,400000.0,100000.0,Diesel,Individual,Manual,Second Owner,5.0,126.32,kmpl,22.32,1582.0
2131.0,Tata,2012.0,300000.0,110000.0,Diesel,Individual,Manual,,5.0,88.8,,21.12,1248.0
2132.0,Maruti,2011.0,190000.0,92500.0,Petrol,Individual,Manual,Second Owner,,,kmpl,20.92,998.0
2138.0,Maruti,2018.0,650000.0,35000.0,,Individual,Manual,First Owner,5.0,81.8,kmpl,22.0,1197.0
2151.0,,2015.0,869999.0,120000.0,Diesel,Individual,Manual,First Owner,,126.2,kmpl,22.7,1582.0
2161.0,Chevrolet,2013.0,200000.0,70000.0,Diesel,Individual,Manual,First Owner,5.0,,kmpl,22.1,1248.0
2162.0,Volkswagen,2018.0,650000.0,,Diesel,Individual,Manual,First Owner,5.0,88.0,kmpl,20.14,1498.0
2164.0,HYUNDAI,2018.0,330000.0,70000.0,Petrol,Individual,Manual,,5.0,68.05,kmpl,20.3,998.0
2165.0,Hyundai,2019.0,399000.0,4000.0,Petrol,Individual,Manual,First Owner,5.0,68.0,kmpl,20.3,1086.0
2166.0,Hyundai,2012.0,250000.0,103000.0,Petrol,Individual,Manual,First Owner,,78.9,kmpl,20.36,1197.0
2168.0,Maruti,2013.0,,77000.0,Diesel,Individual,Manual,First Owner,5.0,74.0,,22.9,1248.0
2169.0,Volkswagen,2012.0,,90000.0,Diesel,Individual,Manual,First Owner,5.0,103.6,kmpl,20.54,1598.0
2170.0,Hyundai,2013.0,,,Diesel,Individual,Manual,Second Owner,,126.3,kmpl,22.32,1582.0
2172.0,Hyundai,2016.0,611000.0,,Diesel,Individual,Manual,First Owner,,88.73,kmpl,22.54,1396.0
2176.0,Hyundai,2012.0,390000.0,100000.0,,Individual,,Second Owner,5.0,126.32,kmpl,22.32,1582.0
2179.0,,2015.0,500000.0,125000.0,Diesel,Individual,Manual,First Owner,,67.05,kmpl,23.59,1364.0
2184.0,MARUTI,2013.0,185000.0,80000.0,Petrol,Individual,Manual,Second Owner,5.0,47.3,kmpl,22.74,796.0
2185.0,Maruti,2018.0,550000.0,30000.0,,Individual,Manual,First Owner,5.0,83.1,kmpl,21.4,
2191.0,Tata,2010.0,320000.0,42000.0,Diesel,Individual,Manual,First Owner,5.0,69.0,kmpl,23.03,1396.0
2192.0,Maruti,2016.0,350000.0,17000.0,Petrol,,Automatic,First Owner,5.0,67.04,kmpl,23.1,998.0
2193.0,Maruti,2018.0,500000.0,40000.0,Petrol,Individual,,First Owner,5.0,81.8,,22.0,1197.0
2202.0,MARUTI,2012.0,350000.0,70000.0,Diesel,Individual,Manual,Second Owner,5.0,88.8,kmpl,21.5,1248.0
2208.0,Hyundai,2019.0,1050000.0,27000.0,Diesel,Individual,Manual,First Owner,5.0,88.7,kmpl,21.38,1396.0
2209.0,,2014.0,490000.0,50000.0,Diesel,Individual,Manual,First Owner,5.0,74.0,kmpl,,1248.0
2211.0,Maruti,2013.0,190000.0,60000.0,Petrol,Individual,Manual,Second Owner,5.0,47.3,kmpl,22.74,796.0
2214.0,Maruti,2016.0,270000.0,60000.0,Petrol,Individual,Manual,Second Owner,5.0,47.3,kmpl,,796.0
2215.0,NAN,2008.0,170000.0,70000.0,Petrol,Individual,Manual,Third Owner,5.0,68.05,kmpl,19.81,1086.0
2216.0,NAN,2018.0,764000.0,25000.0,Petrol,Individual,Manual,First Owner,5.0,91.1,kmpl,20.73,1373.0
2220.0,Hyundai,2017.0,280000.0,31000.0,Petrol,Individual,Manual,Second Owner,5.0,55.2,kmpl,21.1,814.0
2225.0,Volkswagen,2011.0,350000.0,110000.0,,Individual,Manual,,5.0,103.6,kmpl,20.54,
,Maruti,2017.0,,35000.0,Petrol,Individual,Manual,First Owner,5.0,83.1,kmpl,21.4,1197.0
2231.0,Maruti,2014.0,,10300.0,Petrol,Individual,Manual,First Owner,,47.3,kmpl,22.74,796.0
2233.0,Maruti,2019.0,760000.0,3000.0,,,Manual,First Owner,5.0,81.8,kmpl,21.01,1197.0
NAN,MARUTI,2018.0,,13000.0,Petrol,Individual,Manual,,5.0,83.1,kmpl,21.4,1197.0
2238.0,Maruti,2016.0,220000.0,40000.0,Petrol,Individual,Manual,First Owner,5.0,47.3,kmpl,22.74,796.0
,,2017.0,,80000.0,Diesel,Individual,Manual,First Owner,5.0,88.73,kmpl,21.19,1396.0
2243.0,Maruti,2017.0,380000.0,30000.0,CNG,Individual,Manual,First Owner,5.0,,,21.94,1196.0
2244.0,Toyota,2012.0,415000.0,125000.0,Diesel,Individual,Manual,Second Owner,5.0,87.2,,21.43,
2245.0,Hyundai,2012.0,225000.0,110000.0,Petrol,Individual,Manual,First Owner,5.0,68.05,,19.81,
,Maruti,2013.0,600000.0,30000.0,Diesel,Individual,Manual,Second Owner,7.0,88.76,kmpl,20.77,1248.0
2247.0,Maruti,2014.0,,148000.0,Diesel,Individual,Manual,Second Owner,7.0,88.8,kmpl,20.77,1248.0
2254.0,Tata,2014.0,,60000.0,Diesel,Individual,Manual,,5.0,88.7,kmpl,23.0,1248.0
,Maruti,2012.0,370000.0,60000.0,Diesel,Individual,Manual,First Owner,5.0,74.0,kmpl,22.9,1248.0
2260.0,Maruti,2020.0,550000.0,15000.0,Petrol,Individual,Manual,First Owner,,88.5,kmpl,23.26,1197.0
2263.0,Hyundai,2017.0,385000.0,42000.0,Petrol,Individual,Manual,Second Owner,5.0,68.05,,19.81,1086.0
2271.0,Maruti,2013.0,650000.0,170000.0,Diesel,Individual,Manual,Third Owner,7.0,88.76,kmpl,20.77,1248.0
2273.0,Maruti,2012.0,180000.0,80000.0,,Individual,Manual,First Owner,5.0,47.3,kmpl,22.74,
2274.0,Hyundai,2013.0,200000.0,57000.0,Petrol,Individual,Manual,First Owner,5.0,55.2,kmpl,21.1,814.0
,Hyundai,2014.0,300000.0,100000.0,,Individual,Manual,First Owner,5.0,68.05,kmpl,19.81,1086.0
2277.0,Maruti,2014.0,267000.0,40000.0,Petrol,Individual,Manual,First Owner,5.0,47.3,kmpl,22.74,796.0
2286.0,Hyundai,2017.0,250000.0,50000.0,Petrol,,Manual,First Owner,5.0,55.2,kmpl,,814.0
,Maruti,2009.0,135000.0,100000.0,Petrol,Individual,Manual,First Owner,5.0,46.3,kmpl,19.7,796.0
2288.0,NAN,2011.0,500000.0,80000.0,Diesel,Individual,Manual,First Owner,5.0,126.32,,22.32,1582.0
2296.0,Maruti,2008.0,,80000.0,Petrol,Individual,Manual,Third Owner,5.0,46.3,kmpl,19.7,796.0
2298.0,Ford,2012.0,325000.0,150000.0,Diesel,Individual,Manual,First Owner,5.0,68.0,,20.0,1399.0
2306.0,Hyundai,2017.0,650000.0,22200.0,,Individual,Manual,First Owner,5.0,88.73,kmpl,22.54,1396.0
2308.0,Maruti,2016.0,500000.0,32000.0,Petrol,Individual,Manual,First Owner,5.0,81.8,,20.4,1197.0
2312.0,RENAULT,2016.0,645000.0,120000.0,,,Manual,,,83.8,kmpl,19.87,1461.0
2316.0,Maruti,2011.0,114999.0,,Petrol,Individual,Manual,First Owner,5.0,46.3,kmpl,19.7,796.0
2323.0,Maruti,,575000.0,10000.0,Petrol,,Manual,First Owner,5.0,81.8,kmpl,20.89,1197.0
2327.0,,2016.0,650000.0,80000.0,Diesel,Individual,Manual,First Owner,5.0,108.45,kmpl,19.72,1461.0
2330.0,Maruti,2009.0,145000.0,150000.0,Diesel,Individual,Manual,Third Owner,5.0,73.9,kmpl,21.1,1248.0
2336.0,Chevrolet,2013.0,246000.0,,Diesel,Dealer,,First Owner,5.0,74.0,kmpl,22.1,1248.0
2339.0,Volkswagen,2015.0,560000.0,43001.0,,Dealer,Manual,First Owner,5.0,108.6,kmpl,22.27,1498.0
2341.0,Maruti,2019.0,470000.0,9000.0,Petrol,Dealer,Automatic,First Owner,5.0,67.04,,21.63,998.0
2346.0,Hyundai,2017.0,,35000.0,,Individual,Manual,,5.0,126.2,kmpl,22.0,
,Renault,2013.0,550000.0,100600.0,Diesel,,,Third Owner,5.0,83.8,kmpl,,1461.0
2348.0,Maruti,2013.0,480000.0,105000.0,Diesel,Individual,Manual,Third Owner,5.0,74.0,kmpl,23.4,1248.0
2352.0,Maruti,2010.0,320000.0,60000.0,Petrol,Individual,Manual,Second Owner,5.0,85.8,kmpl,21.1,1197.0
2355.0,Hyundai,2016.0,725000.0,120000.0,Diesel,Individual,Manual,First Owner,5.0,88.73,kmpl,22.54,
,Volkswagen,2011.0,325000.0,134000.0,Diesel,Individual,Manual,Second Owner,5.0,73.9,kmpl,22.07,1199.0
2357.0,Ford,2014.0,320000.0,120000.0,Diesel,Individual,,Third Owner,5.0,68.05,,20.0,1399.0
2360.0,Maruti,2016.0,350000.0,,Diesel,Individual,Manual,Third Owner,5.0,73.94,kmpl,23.2,1248.0
,Hyundai,2011.0,470000.0,89000.0,Diesel,Individual,Manual,First Owner,5.0,90.0,kmpl,23.0,1396.0
2368.0,Maruti,2018.0,680000.0,28000.0,,Individual,Automatic,First Owner,5.0,81.8,kmpl,21.21,1197.0
nan,Hyundai,2014.0,280000.0,90000.0,Petrol,Individual,Manual,First Owner,5.0,55.2,,21.1,814.0
2373.0,Volkswagen,2013.0,400000.0,120000.0,Diesel,Individual,Manual,Second Owner,5.0,103.6,kmpl,20.54,1598.0
2375.0,Hyundai,2014.0,475000.0,83000.0,Diesel,,Manual,Second Owner,,88.73,kmpl,22.54,1396.0
2388.0,Tata,2018.0,450000.0,75000.0,Petrol,Individual,Manual,First Owner,,84.0,,20.3,1199.0
2393.0,Maruti,2017.0,400000.0,52000.0,Petrol,,Manual,First Owner,5.0,67.0,kmpl,21.63,998.0
2395.0,Volkswagen,2012.0,361000.0,90000.0,Diesel,,Manual,First Owner,5.0,103.6,kmpl,20.54,1598.0
2396.0,Hyundai,2013.0,390000.0,53000.0,Diesel,,Manual,Second Owner,5.0,88.76,kmpl,21.9,1396.0
,,2013.0,500000.0,53000.0,Diesel,Individual,Manual,First Owner,5.0,74.0,kmpl,22.9,1248.0
2399.0,Maruti,,200000.0,50600.0,Petrol,Individual,Manual,First Owner,5.0,,kmpl,,796.0
2408.0,Maruti,2018.0,,120000.0,Diesel,Individual,Manual,First Owner,5.0,74.0,kmpl,23.4,1248.0
2410.0,,2019.0,660000.0,10000.0,Petrol,Individual,Automatic,First Owner,5.0,83.1,kmpl,21.4,1197.0
2411.0,Hyundai,,,10000.0,Petrol,Individual,Manual,First Owner,5.0,68.05,,20.3,998.0
2414.0,Maruti,2019.0,509999.0,10000.0,Petrol,Individual,Manual,First Owner,5.0,81.8,kmpl,21.21,1197.0
2418.0,Hyundai,2019.0,950000.0,15000.0,,Individual,Manual,First Owner,5.0,88.7,kmpl,22.1,1396.0
2425.0,Maruti,,356000.0,70000.0,Diesel,Individual,Manual,Second Owner,5.0,74.0,kmpl,23.4,1248.0
2431.0,Maruti,2013.0,355000.0,170000.0,Diesel,Individual,Manual,First Owner,5.0,74.0,kmpl,22.9,
2436.0,Maruti,2011.0,242000.0,120000.0,Diesel,Individual,Manual,First Owner,5.0,88.8,kmpl,21.5,
2438.0,,2014.0,500000.0,130000.0,Diesel,Individual,Manual,Second Owner,5.0,98.59,,22.77,1498.0
2441.0,Maruti,2020.0,654000.0,1000.0,Petrol,Individual,Automatic,First Owner,5.0,81.8,kmpl,,1197.0
2443.0,,2019.0,600000.0,18000.0,Petrol,Individual,Manual,First Owner,5.0,,kmpl,21.21,1197.0
2444.0,Maruti,2016.0,459999.0,60000.0,Petrol,,Manual,First Owner,5.0,83.14,kmpl,20.85,
2445.0,Renault,2018.0,275000.0,20000.0,Petrol,Individual,Manual,First Owner,5.0,,,23.01,999.0
2449.0,Maruti,2006.0,94500.0,44000.0,,,Manual,First Owner,,46.3,kmpl,19.7,796.0
2456.0,Hyundai,2017.0,1110000.0,186000.0,Diesel,Individual,Manual,First Owner,5.0,126.2,kmpl,19.67,1582.0
2457.0,,2014.0,570000.0,79000.0,Diesel,,Manual,Second Owner,7.0,88.76,kmpl,20.77,1248.0
2461.0,Tata,2015.0,350000.0,,Diesel,Individual,Manual,First Owner,5.0,,kmpl,22.95,1248.0
,Maruti,2019.0,550000.0,11500.0,,Individual,Manual,First Owner,5.0,81.8,kmpl,21.21,1197.0
,Hyundai,2012.0,180000.0,56000.0,Petrol,Individual,Manual,First Owner,,55.2,,21.1,814.0
2471.0,Maruti,2011.0,170000.0,175000.0,Diesel,Individual,Manual,,5.0,73.9,kmpl,21.1,1248.0
,Maruti,2014.0,409999.0,150000.0,Diesel,Individual,Manual,Third Owner,5.0,74.0,kmpl,23.4,1248.0
2475.0,Hyundai,2012.0,350000.0,110000.0,Diesel,Individual,Manual,Third Owner,5.0,90.0,kmpl,23.0,1396.0
2477.0,Maruti,2010.0,135000.0,95000.0,Petrol,Individual,,,5.0,46.3,kmpl,19.7,796.0
2478.0,Maruti,2010.0,220000.0,,,Individual,Manual,First Owner,5.0,73.9,kmpl,21.1,1248.0
2480.0,,,500000.0,84000.0,Diesel,,,,5.0,74.0,kmpl,23.4,1248.0
2481.0,Hyundai,2016.0,875000.0,,Diesel,Individual,Manual,First Owner,5.0,88.73,kmpl,22.54,1396.0
2485.0,Maruti,2011.0,175000.0,175000.0,Petrol,,,Second Owner,5.0,46.3,,19.7,796.0
2488.0,Hyundai,2019.0,420000.0,20000.0,Petrol,Individual,Manual,Second Owner,5.0,,kmpl,20.3,1086.0
2491.0,Maruti,2012.0,180000.0,70000.0,Petrol,Individual,Manual,Second Owner,5.0,46.3,kmpl,19.7,796.0
2492.0,Maruti,2007.0,118000.0,110000.0,,Individual,Manual,Second Owner,5.0,46.3,,19.7,796.0
2495.0,Maruti,2009.0,170000.0,90000.0,Petrol,Individual,Manual,Third Owner,5.0,46.3,kmpl,19.7,796.0
2503.0,Hyundai,2010.0,180000.0,120000.0,Petrol,Individual,Manual,First Owner,5.0,78.9,kmpl,20.36,1197.0
2504.0,Maruti,2009.0,155000.0,120000.0,,Individual,Manual,First Owner,5.0,73.9,kmpl,21.1,1248.0
2506.0,Hyundai,2011.0,250000.0,70000.0,Petrol,Individual,Manual,First Owner,5.0,78.9,,20.36,1197.0
,Volkswagen,2017.0,550000.0,50000.0,Diesel,Individual,Manual,First Owner,5.0,108.62,kmpl,21.66,1498.0
,Maruti,2013.0,380000.0,76000.0,Diesel,Individual,Manual,Second Owner,5.0,74.0,kmpl,22.9,1248.0
2519.0,,2019.0,650000.0,5000.0,Petrol,Individual,Manual,First Owner,7.0,72.0,kmpl,20.0,
2521.0,Maruti,2013.0,350000.0,85000.0,Diesel,,Manual,First Owner,5.0,,kmpl,22.9,1248.0
2523.0,Maruti,,,15000.0,Petrol,Individual,Manual,First Owner,,81.8,kmpl,21.21,1197.0
2526.0,HYUNDAI,2019.0,1200000.0,40000.0,Diesel,Individual,,First Owner,5.0,126.2,,22.0,1582.0
2528.0,Hyundai,2015.0,850000.0,108000.0,Diesel,Individual,Manual,First Owner,5.0,126.2,kmpl,19.67,
2538.0,Maruti,2015.0,320000.0,60000.0,Petrol,Individual,Manual,,5.0,67.04,kmpl,20.51,998.0
2543.0,Tata,2016.0,,50000.0,Diesel,Individual,Manual,First Owner,5.0,88.7,kmpl,,1248.0
2544.0,Hyundai,2014.0,215000.0,50000.0,Petrol,Individual,Manual,First Owner,5.0,55.2,kmpl,21.1,814.0
NAN,MARUTI,2018.0,,25000.0,Petrol,Individual,Manual,First Owner,5.0,81.8,kmpl,22.0,1197.0
2546.0,Maruti,2017.0,400000.0,30000.0,Petrol,Individual,Automatic,Second Owner,5.0,67.04,kmpl,23.1,998.0
2547.0,Ford,2017.0,725000.0,45000.0,Diesel,Individual,Manual,First Owner,5.0,98.96,,23.0,1498.0
2549.0,,2013.0,229999.0,39000.0,Petrol,Dealer,Manual,First Owner,5.0,78.9,kmpl,20.36,1197.0
2555.0,HYUNDAI,2016.0,950000.0,,Diesel,,Manual,First Owner,5.0,126.2,kmpl,19.67,1582.0
,Hyundai,2017.0,975000.0,48698.0,Diesel,Dealer,Manual,First Owner,5.0,,kmpl,19.67,1582.0
2558.0,,2018.0,445000.0,32995.0,Petrol,Dealer,,First Owner,5.0,,kmpl,20.52,1197.0
2559.0,Tata,2018.0,539000.0,60000.0,Diesel,Individual,Manual,,5.0,74.0,kmpl,22.95,
2562.0,RENAULT,2015.0,550000.0,130000.0,Diesel,Individual,Manual,Second Owner,5.0,83.8,kmpl,20.45,1461.0
2563.0,,2011.0,330000.0,120000.0,Diesel,Individual,Manual,First Owner,5.0,73.9,kmpl,22.07,1199.0
2564.0,Hyundai,2014.0,220000.0,80000.0,Petrol,Individual,Manual,Third Owner,,55.2,kmpl,21.1,814.0
2566.0,Maruti,2007.0,150000.0,75000.0,Petrol,Individual,Manual,First Owner,5.0,46.3,kmpl,19.7,796.0
2569.0,Maruti,2009.0,170000.0,90000.0,Petrol,Individual,Manual,Second Owner,5.0,46.3,kmpl,19.7,796.0
2577.0,Toyota,2018.0,730000.0,90000.0,,Individual,Manual,First Owner,5.0,67.05,kmpl,23.59,1364.0
2578.0,Tata,2016.0,320000.0,,Diesel,,Manual,First Owner,5.0,74.0,kmpl,22.95,1248.0
2584.0,Hyundai,2014.0,300000.0,30000.0,Petrol,Individual,Manual,Second Owner,5.0,78.9,kmpl,20.36,1197.0
2586.0,Maruti,2016.0,,25339.0,Petrol,Individual,Manual,,5.0,83.1,kmpl,21.4,1197.0
2587.0,Hyundai,2014.0,250000.0,10000.0,Petrol,Individual,Manual,First Owner,5.0,55.2,kmpl,21.1,814.0
2588.0,Tata,2017.0,484999.0,35000.0,Diesel,Individual,Manual,First Owner,5.0,88.7,kmpl,20.65,1248.0
2589.0,Hyundai,,280000.0,35000.0,Petrol,Individual,Manual,Second Owner,5.0,78.9,kmpl,20.36,1197.0
,Maruti,,571000.0,68000.0,Diesel,Individual,Manual,Second Owner,7.0,88.76,kmpl,20.77,1248.0
2595.0,Tata,2012.0,175000.0,60000.0,Diesel,Individual,Manual,First Owner,5.0,74.0,kmpl,22.3,1248.0
2596.0,,,204999.0,70000.0,,Individual,Manual,Second Owner,,68.0,kmpl,20.0,
2601.0,MAHINDRA,2015.0,445000.0,62000.0,Diesel,Dealer,Manual,First Owner,,74.96,kmpl,21.0,1498.0
,,2016.0,819999.0,,Diesel,Dealer,Manual,,5.0,126.2,kmpl,19.67,1582.0
2607.0,Hyundai,2016.0,825000.0,39000.0,Diesel,Dealer,,First Owner,5.0,88.7,kmpl,21.38,1396.0
2608.0,Ford,2015.0,599000.0,92651.0,Diesel,Dealer,Manual,First Owner,5.0,98.96,kmpl,21.7,1498.0
2616.0,Hyundai,2013.0,165000.0,45000.0,Petrol,Individual,Manual,Second Owner,5.0,55.2,kmpl,21.1,814.0
2619.0,Maruti,2016.0,470000.0,23700.0,Petrol,Individual,Manual,First Owner,,81.8,kmpl,20.4,1197.0
2621.0,Renault,2017.0,900000.0,50000.0,Diesel,Individual,Manual,First Owner,5.0,108.45,kmpl,20.37,1461.0
2623.0,HYUNDAI,2017.0,715000.0,,Diesel,Individual,Manual,,5.0,88.73,kmpl,21.19,1396.0
2628.0,Ford,2014.0,300000.0,80000.0,Diesel,Individual,Manual,First Owner,5.0,68.05,kmpl,20.0,1399.0
2630.0,Hyundai,2016.0,380000.0,80000.0,,Individual,Manual,First Owner,5.0,68.05,kmpl,19.81,1086.0
2632.0,Hyundai,2014.0,351000.0,25000.0,Petrol,Individual,Manual,First Owner,5.0,78.9,kmpl,20.36,1197.0
2642.0,Maruti,2020.0,350000.0,5000.0,Petrol,Individual,Manual,First Owner,5.0,47.3,kmpl,22.05,796.0
2644.0,Hyundai,2015.0,535000.0,80000.0,Diesel,Individual,,First Owner,5.0,88.73,,,1396.0
2646.0,Hyundai,2016.0,280000.0,19000.0,Petrol,Individual,Manual,First Owner,,55.2,kmpl,21.1,814.0
2647.0,Maruti,2019.0,650000.0,33000.0,Petrol,Individual,Automatic,First Owner,5.0,81.8,kmpl,,1197.0
2649.0,Hyundai,2020.0,,65000.0,Petrol,Individual,Manual,Second Owner,5.0,81.86,kmpl,20.14,1197.0
2651.0,VOLKSWAGEN,2017.0,575000.0,40000.0,Diesel,Individual,Manual,First Owner,5.0,108.62,kmpl,21.66,1498.0
2656.0,Maruti,2016.0,325000.0,50000.0,,Individual,Manual,,5.0,67.04,kmpl,20.51,998.0
2657.0,Maruti,2016.0,250000.0,20000.0,Petrol,Individual,Manual,First Owner,5.0,,kmpl,22.74,796.0
2663.0,,2014.0,425000.0,,Diesel,Dealer,Manual,First Owner,5.0,83.8,kmpl,19.87,1461.0
2666.0,Maruti,2016.0,500000.0,22947.0,Petrol,Individual,Manual,First Owner,5.0,81.8,kmpl,20.4,1197.0
2667.0,Hyundai,2013.0,300000.0,30000.0,Petrol,Individual,Manual,Second Owner,5.0,78.9,kmpl,20.36,1197.0
2668.0,Hyundai,2016.0,270000.0,7672.0,Petrol,Individual,Manual,First Owner,5.0,55.2,kmpl,21.1,814.0
2669.0,Maruti,2010.0,160000.0,36659.0,Petrol,Individual,Manual,First Owner,5.0,46.3,kmpl,19.7,796.0
2674.0,Maruti,2009.0,160000.0,70000.0,Petrol,Individual,,Third Owner,5.0,46.3,kmpl,19.7,796.0
,Ford,2012.0,220000.0,100000.0,Diesel,Individual,Manual,Second Owner,5.0,68.0,kmpl,20.0,1399.0
2676.0,Hyundai,,670000.0,48000.0,Diesel,Individual,Manual,First Owner,5.0,88.73,kmpl,22.54,1396.0
2677.0,HYUNDAI,2018.0,780000.0,35000.0,Diesel,Individual,Manual,First Owner,5.0,,kmpl,22.54,
,Maruti,2017.0,515000.0,23000.0,Petrol,Individual,Manual,First Owner,5.0,83.1,kmpl,21.4,1197.0
2679.0,Hyundai,2017.0,800000.0,14000.0,,Individual,,First Owner,5.0,88.73,kmpl,22.54,1396.0
2681.0,Hyundai,2013.0,200000.0,60000.0,Petrol,Individual,Manual,Second Owner,,55.2,kmpl,21.1,814.0
2683.0,Maruti,2013.0,250000.0,35000.0,Petrol,Individual,Manual,First Owner,5.0,67.1,kmpl,20.92,998.0
2686.0,Renault,2012.0,250000.0,120000.0,,Individual,Manual,Third Owner,5.0,78.0,kmpl,21.8,1461.0
2689.0,Maruti,2014.0,650000.0,68000.0,Diesel,Individual,Manual,First Owner,5.0,,kmpl,22.9,1248.0
2690.0,Honda,2016.0,950000.0,60000.0,,Individual,Manual,First Owner,7.0,,kmpl,21.9,
2696.0,Hyundai,2016.0,300000.0,35000.0,Petrol,Individual,Manual,First Owner,5.0,55.2,kmpl,21.1,814.0
2697.0,TATA,2017.0,493000.0,40000.0,Petrol,,Manual,First Owner,5.0,84.0,kmpl,20.3,1199.0
2701.0,Ford,2010.0,185000.0,124316.0,Diesel,Dealer,Manual,Second Owner,5.0,,kmpl,20.0,1399.0
2702.0,Mahindra,2019.0,1225000.0,6544.0,Diesel,Individual,Manual,First Owner,5.0,115.0,kmpl,20.0,
2709.0,Hyundai,2008.0,130000.0,30000.0,Petrol,Individual,Manual,Second Owner,5.0,68.05,kmpl,,1086.0
2712.0,Maruti,2019.0,685000.0,19000.0,Petrol,Individual,Automatic,First Owner,5.0,83.1,kmpl,21.4,1197.0
2713.0,Maruti,2020.0,,5000.0,CNG,Individual,Manual,First Owner,5.0,61.7,km/kg,,1196.0
2716.0,Maruti,2012.0,450000.0,97000.0,Diesel,Individual,Manual,Third Owner,5.0,74.0,kmpl,22.9,1248.0
2719.0,Ford,2012.0,320000.0,103994.0,Diesel,Individual,Manual,Fourth & Above Owner,5.0,68.0,kmpl,20.0,1399.0
2722.0,,2011.0,350000.0,115000.0,Diesel,Individual,Manual,Fourth & Above Owner,5.0,88.8,kmpl,21.5,1248.0
2723.0,Tata,2012.0,285000.0,178000.0,Diesel,Individual,Manual,Second Owner,5.0,74.0,kmpl,22.3,1248.0
2725.0,,2011.0,300000.0,80000.0,Diesel,Individual,Manual,First Owner,5.0,68.0,kmpl,,
2727.0,Maruti,2004.0,,,Petrol,,Manual,,5.0,46.3,kmpl,19.7,796.0
2732.0,,2012.0,300000.0,41000.0,Petrol,Individual,Manual,Second Owner,5.0,78.9,kmpl,20.36,1197.0
2734.0,Maruti,2011.0,199000.0,70000.0,Petrol,Individual,Manual,,5.0,67.1,kmpl,20.92,998.0
,Renault,,545000.0,90000.0,Diesel,Individual,,Second Owner,5.0,83.8,kmpl,20.46,1461.0
2736.0,MARUTI,2014.0,570000.0,80000.0,Diesel,Individual,Manual,Second Owner,7.0,88.8,kmpl,20.77,1248.0
2738.0,MARUTI,2009.0,114999.0,,Petrol,,,First Owner,,46.3,kmpl,,796.0
2739.0,Tata,2018.0,450000.0,35000.0,Petrol,Individual,Manual,First Owner,5.0,,kmpl,20.3,1199.0
2740.0,Renault,2019.0,600000.0,,Petrol,Individual,Manual,First Owner,7.0,72.0,,20.0,999.0
2744.0,Maruti,2014.0,254999.0,40000.0,Petrol,Individual,Manual,Second Owner,5.0,67.1,kmpl,20.92,998.0
2749.0,Maruti,2008.0,,35008.0,,Dealer,Manual,,5.0,67.05,kmpl,21.79,998.0
2752.0,Toyota,2014.0,480000.0,54891.0,,Dealer,Manual,First Owner,5.0,67.04,kmpl,23.59,1364.0
2753.0,Hyundai,2018.0,1000000.0,30000.0,Diesel,Individual,Automatic,First Owner,5.0,126.2,kmpl,22.0,1582.0
NAN,RENAULT,2012.0,245000.0,100000.0,Diesel,,Manual,First Owner,5.0,63.1,kmpl,23.08,1461.0
2760.0,TOYOTA,2010.0,425000.0,83585.0,Diesel,Dealer,Manual,First Owner,5.0,87.2,,21.43,1364.0
2763.0,,2017.0,750000.0,48406.0,Diesel,Dealer,,First Owner,5.0,83.8,kmpl,19.87,1461.0
2764.0,Hyundai,2016.0,570000.0,56239.0,Diesel,Dealer,Manual,First Owner,5.0,88.73,,22.54,1396.0
2765.0,Maruti,2015.0,585000.0,33243.0,Petrol,Dealer,Manual,First Owner,5.0,83.1,kmpl,,1197.0
2772.0,Renault,2018.0,900000.0,35000.0,Diesel,Individual,Manual,First Owner,7.0,83.8,kmpl,21.04,1461.0
2773.0,Maruti,2015.0,400000.0,50000.0,Petrol,Individual,Manual,First Owner,5.0,83.11,kmpl,20.4,
2776.0,,2009.0,140000.0,,Petrol,Individual,Manual,First Owner,5.0,46.3,kmpl,19.7,
2777.0,Maruti,2017.0,380000.0,29000.0,Petrol,Individual,Automatic,First Owner,5.0,67.0,kmpl,20.51,998.0
2779.0,Maruti,2018.0,630000.0,15000.0,Petrol,Individual,Manual,First Owner,5.0,81.8,kmpl,21.21,1197.0
2781.0,Maruti,,120000.0,17000.0,Petrol,Individual,,First Owner,5.0,46.3,kmpl,19.7,796.0
2782.0,,2012.0,287000.0,,Diesel,Individual,Manual,First Owner,5.0,88.8,kmpl,,1248.0
2783.0,MARUTI,2016.0,550000.0,45000.0,Petrol,Individual,Manual,First Owner,,83.1,kmpl,21.4,1197.0
2788.0,Maruti,2016.0,300000.0,25000.0,Petrol,Individual,,First Owner,5.0,47.3,kmpl,,796.0
,Maruti,2015.0,300000.0,50000.0,Petrol,Individual,Manual,Third Owner,,67.04,kmpl,20.51,998.0
2795.0,Hyundai,2010.0,,110000.0,Petrol,Individual,Manual,First Owner,5.0,78.9,kmpl,20.36,1197.0
2796.0,Hyundai,2013.0,500000.0,87000.0,Diesel,Individual,Manual,Second Owner,5.0,126.32,kmpl,22.32,
2798.0,Maruti,2013.0,509999.0,,Diesel,Individual,Manual,First Owner,,88.8,kmpl,20.77,1248.0
,Hyundai,2013.0,459999.0,60000.0,Diesel,Individual,Manual,Second Owner,5.0,88.76,kmpl,21.27,1396.0
2800.0,Maruti,2015.0,310000.0,18000.0,Petrol,Individual,Manual,First Owner,5.0,47.3,kmpl,22.74,796.0
2801.0,,2018.0,,80000.0,Diesel,Individual,Manual,First Owner,5.0,74.0,kmpl,22.95,1248.0
2802.0,Maruti,2004.0,105000.0,96000.0,Petrol,Individual,Manual,Third Owner,,46.3,kmpl,19.7,796.0
2804.0,Hyundai,2013.0,360000.0,,Diesel,Individual,Manual,Third Owner,5.0,88.76,kmpl,21.9,1396.0
2805.0,Volkswagen,2012.0,400000.0,60000.0,Diesel,Individual,Manual,Third Owner,5.0,105.0,kmpl,20.5,
2806.0,Maruti,2014.0,600000.0,90000.0,Diesel,Individual,,First Owner,5.0,74.0,kmpl,23.4,1248.0
2808.0,Mahindra,2012.0,140000.0,120000.0,Diesel,Individual,Manual,Second Owner,5.0,65.0,kmpl,21.03,1461.0
2809.0,Tata,,210000.0,100000.0,Diesel,,Manual,First Owner,5.0,70.0,kmpl,19.61,1405.0
2815.0,Hyundai,2008.0,200000.0,40000.0,Petrol,Individual,Manual,First Owner,,78.9,kmpl,20.36,1197.0
2816.0,Tata,2013.0,,140000.0,Diesel,Individual,,,5.0,88.76,kmpl,21.02,1248.0
2820.0,Maruti,2015.0,650000.0,100000.0,Diesel,Individual,,,7.0,88.76,kmpl,20.77,1248.0
2822.0,Ford,2014.0,400000.0,30000.0,Diesel,Individual,Manual,First Owner,5.0,68.05,kmpl,,1399.0
2826.0,Ford,2018.0,900000.0,19000.0,Diesel,Individual,Manual,First Owner,5.0,98.96,kmpl,23.0,1498.0
2827.0,Hyundai,2015.0,600000.0,40000.0,Diesel,Individual,Manual,First Owner,5.0,88.73,kmpl,22.54,
2832.0,Hyundai,,575000.0,106000.0,Diesel,Individual,Manual,First Owner,5.0,126.32,kmpl,22.32,1582.0
2833.0,,2012.0,280000.0,80000.0,,Individual,Manual,Third Owner,5.0,103.6,kmpl,20.54,1598.0
2834.0,Hyundai,2015.0,580000.0,74000.0,Diesel,Individual,Manual,Second Owner,5.0,88.73,kmpl,21.19,1396.0
2836.0,Hyundai,2013.0,500000.0,70000.0,Diesel,Individual,,Third Owner,,126.32,kmpl,22.32,1582.0
2839.0,Hyundai,2011.0,225000.0,,Petrol,Individual,Manual,Second Owner,5.0,78.9,kmpl,,
2843.0,Hyundai,2011.0,350000.0,100000.0,Diesel,Individual,Manual,Second Owner,5.0,90.0,kmpl,23.0,
2844.0,Hyundai,2011.0,,80000.0,Petrol,Individual,Manual,Second Owner,5.0,78.9,kmpl,20.36,1197.0
2845.0,,2010.0,190000.0,35000.0,Petrol,Individual,Manual,First Owner,5.0,46.3,kmpl,19.7,796.0
2846.0,Tata,2011.0,325000.0,79000.0,Diesel,Individual,Manual,,5.0,,kmpl,21.12,1248.0
2848.0,Volkswagen,2011.0,300000.0,120000.0,Diesel,Individual,Manual,Third Owner,5.0,103.6,kmpl,20.54,1598.0
2849.0,Tata,2017.0,550000.0,10000.0,Petrol,Individual,Manual,First Owner,5.0,84.0,kmpl,20.3,1199.0
2855.0,Maruti,,450000.0,108800.0,Diesel,Individual,Manual,Third Owner,5.0,74.0,kmpl,22.9,1248.0
2856.0,Hyundai,,199000.0,,Petrol,Individual,Manual,Second Owner,5.0,78.9,kmpl,20.36,1197.0
2858.0,Ford,2011.0,240000.0,,Diesel,Individual,,First Owner,5.0,68.0,kmpl,20.0,1399.0
2869.0,Maruti,2006.0,120000.0,100000.0,,Individual,Manual,Second Owner,,46.3,kmpl,19.7,796.0
2874.0,Hyundai,2017.0,265000.0,100000.0,Petrol,Individual,Manual,First Owner,5.0,55.2,kmpl,,814.0
2875.0,Maruti,2008.0,100000.0,,Petrol,Individual,Manual,Second Owner,8.0,35.0,kmpl,19.7,796.0
2876.0,Tata,2015.0,400000.0,100000.0,Diesel,Individual,Manual,First Owner,5.0,88.7,kmpl,23.0,1248.0
2877.0,Hyundai,2013.0,345000.0,40000.0,,Individual,Manual,First Owner,5.0,88.8,kmpl,21.9,1396.0
2879.0,Maruti,2018.0,620000.0,15000.0,Petrol,Individual,Automatic,First Owner,5.0,81.8,kmpl,20.89,1197.0
2880.0,Maruti,2018.0,700000.0,10000.0,Petrol,Individual,Manual,Second Owner,5.0,83.1,kmpl,21.4,1197.0
2881.0,,2012.0,200000.0,90000.0,,Individual,Manual,First Owner,5.0,74.0,kmpl,22.3,1248.0
2888.0,TOYOTA,2011.0,365000.0,185000.0,Diesel,Individual,Manual,Second Owner,5.0,87.2,kmpl,21.43,1364.0
2892.0,Maruti,2018.0,740000.0,9000.0,Petrol,Individual,Automatic,First Owner,,83.1,kmpl,21.4,1197.0
2893.0,Maruti,2019.0,570000.0,19000.0,Petrol,Individual,,Second Owner,5.0,,kmpl,,1197.0
2894.0,Tata,2013.0,250000.0,,Diesel,Individual,Manual,First Owner,5.0,70.0,kmpl,,1396.0
2895.0,Maruti,,430000.0,,Petrol,,Automatic,,5.0,67.0,kmpl,20.51,998.0
2896.0,HYUNDAI,2014.0,225000.0,35000.0,Petrol,Individual,Manual,First Owner,5.0,55.2,kmpl,21.1,814.0
2897.0,HYUNDAI,2014.0,440000.0,70000.0,Diesel,Individual,Manual,Second Owner,5.0,88.73,kmpl,22.54,1396.0
2900.0,Maruti,,420000.0,105000.0,Diesel,Individual,Manual,Second Owner,5.0,74.0,kmpl,23.4,1248.0
2904.0,RENAULT,,425000.0,152186.0,Diesel,Dealer,Manual,Second Owner,5.0,,kmpl,20.45,1461.0
2905.0,Hyundai,2013.0,295000.0,82246.0,Petrol,Dealer,Manual,First Owner,5.0,78.9,kmpl,20.36,1197.0
2906.0,Maruti,2016.0,540000.0,20000.0,Petrol,Individual,Manual,First Owner,,81.8,kmpl,20.4,1197.0
2916.0,Toyota,2011.0,350000.0,100000.0,,Individual,Manual,Second Owner,5.0,67.1,kmpl,23.59,
2917.0,Ford,2011.0,250000.0,,Diesel,Dealer,Manual,First Owner,5.0,68.0,kmpl,20.0,1399.0
2918.0,Hyundai,2011.0,,96000.0,,Individual,Manual,Fourth & Above Owner,5.0,126.32,kmpl,22.32,1582.0
,Hyundai,2014.0,420000.0,50000.0,Diesel,Individual,Manual,,5.0,88.73,kmpl,22.54,1396.0
2925.0,Hyundai,2011.0,375000.0,35000.0,Diesel,Individual,Manual,Second Owner,5.0,126.32,kmpl,22.32,1582.0
2944.0,Maruti,2017.0,430000.0,10000.0,Petrol,Individual,Manual,First Owner,5.0,67.04,kmpl,23.1,998.0
2945.0,Maruti,2017.0,,35000.0,Petrol,,Manual,First Owner,5.0,83.1,kmpl,21.4,1197.0
2946.0,,2018.0,550000.0,23000.0,Petrol,Individual,,First Owner,5.0,,kmpl,20.3,1199.0
2951.0,HYUNDAI,2013.0,370000.0,80000.0,Diesel,Individual,Manual,First Owner,5.0,88.76,kmpl,21.9,
2954.0,Maruti,2019.0,550000.0,40000.0,Petrol,Individual,Manual,First Owner,5.0,81.8,kmpl,21.21,1197.0
2955.0,Renault,2017.0,,30000.0,,Individual,,First Owner,5.0,67.0,kmpl,23.01,999.0
2956.0,Tata,2011.0,150000.0,,Diesel,Individual,Manual,First Owner,5.0,69.0,kmpl,23.03,1396.0
2961.0,HYUNDAI,2016.0,,90000.0,,Individual,Manual,Second Owner,5.0,88.73,kmpl,22.54,1396.0
2965.0,Hyundai,2015.0,500000.0,90000.0,Diesel,Individual,Manual,First Owner,5.0,88.73,kmpl,22.54,1396.0
2966.0,MARUTI,2014.0,525000.0,110000.0,,,Manual,Second Owner,7.0,88.76,kmpl,20.77,1248.0
2967.0,Renault,nan,220000.0,90000.0,Petrol,Individual,Manual,First Owner,5.0,67.0,kmpl,23.01,999.0
2970.0,Maruti,2013.0,215000.0,35000.0,,Individual,Manual,First Owner,5.0,47.3,kmpl,22.74,796.0
2971.0,VOLKSWAGEN,,335000.0,100000.0,Diesel,Individual,Manual,First Owner,5.0,103.6,kmpl,20.54,1598.0
2973.0,Ford,2011.0,135000.0,120000.0,Diesel,Individual,Manual,Second Owner,5.0,,kmpl,20.0,1399.0
,Hyundai,,,50000.0,Diesel,Individual,Manual,First Owner,5.0,88.73,kmpl,22.54,1396.0
2979.0,Hyundai,2014.0,170000.0,70000.0,Petrol,Individual,Manual,Second Owner,5.0,,kmpl,,814.0
2980.0,Maruti,2014.0,250999.0,30000.0,Petrol,Individual,,First Owner,5.0,47.3,kmpl,22.74,796.0
2986.0,Maruti,2020.0,250999.0,30000.0,Petrol,,Manual,First Owner,5.0,47.3,kmpl,22.05,796.0
2987.0,MARUTI,2013.0,170000.0,,Petrol,,Manual,Second Owner,5.0,47.3,,22.74,796.0
2990.0,Maruti,nan,250000.0,20000.0,Petrol,Individual,Manual,First Owner,5.0,47.3,kmpl,22.74,796.0
2991.0,Hyundai,2013.0,200000.0,80000.0,Petrol,Individual,Manual,First Owner,5.0,55.2,kmpl,21.1,814.0
2993.0,Hyundai,,270000.0,50000.0,Petrol,Individual,Manual,First Owner,5.0,55.2,kmpl,21.1,814.0
2996.0,Mahindra,2018.0,400000.0,50000.0,Diesel,Individual,Manual,First Owner,8.0,45.0,kmpl,23.5,909.0
2999.0,Maruti,,,120000.0,Diesel,Individual,Manual,First Owner,5.0,73.9,kmpl,21.1,1248.0
,Maruti,2017.0,810000.0,80000.0,,Individual,Manual,First Owner,5.0,91.1,kmpl,20.73,1373.0
3009.0,Maruti,2015.0,369000.0,20000.0,,Individual,Manual,Second Owner,5.0,67.04,kmpl,20.51,998.0
3020.0,HYUNDAI,2017.0,750000.0,27000.0,,Individual,Manual,,5.0,88.73,kmpl,22.54,1396.0
,,2013.0,520000.0,88000.0,,Individual,Manual,Second Owner,5.0,126.32,,22.32,1582.0
3025.0,,2012.0,415000.0,80000.0,Diesel,,Manual,Second Owner,5.0,126.32,kmpl,,1582.0
3026.0,Hyundai,2019.0,700000.0,60000.0,Diesel,Individual,Manual,First Owner,5.0,88.76,,22.54,1396.0
3027.0,Maruti,2017.0,484999.0,26000.0,Petrol,Individual,Manual,Second Owner,5.0,81.8,kmpl,21.21,1197.0
3029.0,Hyundai,2014.0,220000.0,60000.0,Petrol,Individual,Manual,Second Owner,5.0,55.2,kmpl,,814.0
3030.0,Hyundai,2014.0,320000.0,80000.0,Petrol,Individual,Manual,Second Owner,,78.9,kmpl,20.36,1197.0
3031.0,Maruti,2011.0,375000.0,90000.0,Diesel,Individual,,Second Owner,5.0,74.0,kmpl,22.9,1248.0
3032.0,Hyundai,2012.0,440000.0,80000.0,Diesel,Individual,Manual,Second Owner,5.0,126.32,kmpl,22.32,1582.0
3035.0,Toyota,2014.0,420000.0,120000.0,Diesel,Individual,Manual,First Owner,5.0,67.04,kmpl,23.59,1364.0
3037.0,Volkswagen,2019.0,800000.0,,Diesel,Individual,Manual,First Owner,5.0,108.62,kmpl,21.66,1498.0
3042.0,Toyota,2015.0,450000.0,25000.0,Diesel,Individual,Manual,First Owner,5.0,67.04,kmpl,23.59,1364.0
3044.0,MARUTI,2012.0,459999.0,87000.0,Diesel,Individual,Manual,First Owner,7.0,88.76,,20.77,1248.0
3047.0,Tata,2011.0,,148000.0,Diesel,Individual,,Second Owner,5.0,88.8,,21.12,1248.0
3055.0,MARUTI,2014.0,501000.0,68000.0,Diesel,Dealer,Manual,First Owner,5.0,,kmpl,22.9,1248.0
3062.0,Hyundai,2016.0,275000.0,47000.0,Petrol,Dealer,Manual,First Owner,5.0,55.2,kmpl,21.1,
3064.0,Hyundai,,825000.0,71500.0,Diesel,Dealer,Manual,First Owner,5.0,88.73,,22.54,1396.0
3065.0,Toyota,,411000.0,110000.0,,Dealer,Manual,First Owner,5.0,67.04,kmpl,23.59,1364.0
3071.0,Maruti,2012.0,511000.0,8500.0,,Dealer,,First Owner,5.0,81.8,kmpl,22.0,1197.0
,Volkswagen,,300000.0,60300.0,Diesel,Individual,Manual,,5.0,73.9,kmpl,,1199.0
3080.0,Tata,,400000.0,35000.0,Diesel,Individual,Manual,First Owner,5.0,88.7,kmpl,23.0,1248.0
3082.0,HYUNDAI,2008.0,180000.0,44391.0,Petrol,,Manual,Second Owner,5.0,68.05,kmpl,19.81,1086.0
3089.0,Toyota,2013.0,,120000.0,,Individual,Manual,First Owner,5.0,67.06,kmpl,23.59,1364.0
3091.0,Tata,2015.0,350000.0,90000.0,Diesel,Individual,Manual,Second Owner,5.0,88.7,kmpl,23.0,1248.0
3098.0,Hyundai,2017.0,300000.0,15151.0,Petrol,Individual,Manual,Second Owner,5.0,55.2,,21.1,814.0
3100.0,Hyundai,2011.0,206000.0,100000.0,Petrol,Individual,Manual,First Owner,5.0,68.05,kmpl,19.81,1086.0
3113.0,Toyota,2014.0,415000.0,146000.0,Diesel,Individual,,First Owner,5.0,67.06,kmpl,23.59,1364.0
3115.0,Hyundai,2017.0,350000.0,20000.0,Petrol,Individual,Manual,First Owner,5.0,55.2,kmpl,21.1,814.0
3116.0,Toyota,,632000.0,150000.0,Diesel,Individual,Manual,First Owner,,,kmpl,23.59,1364.0
3117.0,Maruti,2014.0,325000.0,70000.0,CNG,Individual,Manual,Second Owner,5.0,,km/kg,21.94,1196.0
3121.0,Hyundai,2008.0,180000.0,100000.0,Petrol,Individual,Manual,Third Owner,5.0,68.05,,19.81,
3123.0,Maruti,2014.0,450000.0,15000.0,Diesel,Individual,Manual,Second Owner,,88.76,kmpl,20.77,1248.0
3126.0,Toyota,2016.0,509999.0,80000.0,Diesel,,Manual,,5.0,67.05,kmpl,23.59,
3128.0,Maruti,,140000.0,72000.0,,Individual,,Second Owner,5.0,46.3,kmpl,19.7,
3133.0,Renault,2012.0,400000.0,100000.0,Diesel,Individual,Manual,Second Owner,5.0,83.8,kmpl,20.46,1461.0
3151.0,Hyundai,2014.0,620000.0,110000.0,Diesel,Individual,Manual,First Owner,5.0,,kmpl,22.54,1396.0
3152.0,Hyundai,2012.0,,100000.0,Petrol,Individual,Manual,First Owner,5.0,55.2,kmpl,21.1,814.0
3153.0,HYUNDAI,2018.0,,25000.0,Petrol,,Manual,First Owner,5.0,,kmpl,21.1,814.0
3154.0,NAN,nan,1145000.0,20000.0,Diesel,Individual,Manual,First Owner,5.0,98.96,kmpl,23.0,1498.0
3155.0,,2017.0,540000.0,70000.0,Diesel,Individual,Manual,,5.0,74.0,,22.95,1248.0
3160.0,Maruti,2009.0,135000.0,50000.0,Petrol,Individual,Manual,First Owner,5.0,,kmpl,19.7,796.0
,Maruti,2016.0,411000.0,,Petrol,Individual,Manual,Second Owner,5.0,,kmpl,23.1,998.0
3168.0,Maruti,2012.0,335000.0,,Diesel,Dealer,Manual,First Owner,5.0,73.9,kmpl,21.1,1248.0
3169.0,,2012.0,300000.0,54000.0,Diesel,Individual,Manual,First Owner,5.0,68.0,kmpl,20.0,1399.0
3170.0,HYUNDAI,2012.0,415000.0,82082.0,Diesel,Dealer,Manual,First Owner,,,kmpl,22.54,1396.0
,Hyundai,2018.0,1150000.0,49000.0,Diesel,Individual,,First Owner,5.0,126.2,kmpl,22.0,1582.0
3176.0,Hyundai,2013.0,195000.0,58609.0,Petrol,Individual,Manual,Second Owner,5.0,55.2,kmpl,21.1,814.0
3182.0,TATA,2018.0,749000.0,30000.0,,,Manual,First Owner,5.0,108.5,kmpl,21.5,
3185.0,MAHINDRA,2011.0,200000.0,120000.0,Diesel,Individual,Manual,Third Owner,5.0,64.1,kmpl,21.0,1461.0
3186.0,,2014.0,240000.0,168000.0,,,Manual,Second Owner,5.0,74.0,kmpl,22.3,1248.0
3188.0,Maruti,2008.0,145000.0,120000.0,Petrol,Individual,Manual,Second Owner,5.0,46.3,kmpl,19.7,796.0
3189.0,Maruti,2016.0,450000.0,5800.0,Petrol,Individual,Manual,Second Owner,5.0,67.04,kmpl,20.51,998.0
3194.0,HYUNDAI,2016.0,335000.0,17000.0,,Individual,,First Owner,5.0,55.2,kmpl,21.1,814.0
3195.0,MARUTI,2018.0,459999.0,5000.0,Petrol,Individual,Manual,First Owner,5.0,67.04,kmpl,20.51,998.0
3203.0,TATA,2012.0,140000.0,195000.0,Diesel,Individual,Manual,Second Owner,5.0,,kmpl,21.12,1248.0
3204.0,Hyundai,2012.0,200000.0,70000.0,Petrol,,Manual,First Owner,5.0,55.2,kmpl,21.1,814.0
3205.0,,2012.0,180000.0,100000.0,Petrol,Individual,Manual,Second Owner,,55.2,kmpl,21.1,
3206.0,Maruti,2015.0,550000.0,25000.0,,Individual,,First Owner,5.0,81.8,kmpl,20.4,
3208.0,Maruti,2012.0,550000.0,67000.0,,Individual,Manual,First Owner,7.0,88.76,kmpl,20.77,1248.0
3210.0,Renault,2013.0,,85000.0,Diesel,Individual,Manual,First Owner,5.0,63.12,kmpl,23.08,1461.0
3215.0,Hyundai,2011.0,360000.0,80000.0,Diesel,Individual,Manual,Second Owner,5.0,126.32,kmpl,22.32,1582.0
3216.0,Maruti,2014.0,300000.0,31000.0,Petrol,Individual,Manual,First Owner,5.0,67.04,kmpl,20.51,998.0
3219.0,,,350000.0,20000.0,Petrol,Individual,Manual,First Owner,,67.04,kmpl,20.51,998.0
3220.0,,2017.0,700000.0,60000.0,Diesel,Individual,Manual,First Owner,5.0,98.59,kmpl,22.77,1498.0
3221.0,Maruti,2013.0,415000.0,102996.0,Diesel,,Manual,Second Owner,,74.0,kmpl,23.4,1248.0
3222.0,Hyundai,2015.0,550000.0,60000.0,Diesel,Individual,Manual,First Owner,5.0,88.73,,22.54,1396.0
3228.0,FORD,2013.0,,87452.0,Diesel,Dealer,Manual,Second Owner,,98.59,kmpl,22.77,1498.0
3229.0,Ford,2018.0,750000.0,17000.0,,,Manual,First Owner,5.0,,,23.0,
3235.0,Maruti,2019.0,650000.0,10000.0,Petrol,Individual,Automatic,First Owner,5.0,81.8,kmpl,21.21,1197.0
nan,Maruti,2016.0,300000.0,5000.0,Petrol,Individual,Manual,First Owner,5.0,47.3,kmpl,22.74,
3239.0,Maruti,2009.0,150000.0,40000.0,Petrol,Individual,Manual,First Owner,,46.3,,19.7,796.0
3241.0,HYUNDAI,2016.0,310000.0,25000.0,Petrol,Individual,Manual,First Owner,5.0,,kmpl,21.1,814.0
3250.0,,2009.0,195000.0,40000.0,Petrol,Individual,Manual,First Owner,5.0,,,19.7,796.0
3252.0,Hyundai,2015.0,615000.0,72000.0,Diesel,Individual,Manual,First Owner,5.0,88.73,kmpl,22.54,1396.0
3253.0,,2013.0,350000.0,70000.0,Diesel,Individual,Manual,Second Owner,5.0,88.76,kmpl,21.9,
3255.0,Hyundai,2017.0,650000.0,32331.0,Diesel,Individual,Manual,Second Owner,5.0,88.73,kmpl,22.54,1396.0
3256.0,Hyundai,,1100000.0,70000.0,Diesel,Individual,Manual,First Owner,5.0,126.2,kmpl,19.67,1582.0
3257.0,Hyundai,2010.0,285000.0,80000.0,Diesel,Individual,Manual,,5.0,90.0,,23.0,1396.0
3265.0,Hyundai,2016.0,900000.0,98000.0,Diesel,Individual,Manual,First Owner,,126.2,kmpl,19.67,1582.0
3272.0,Hyundai,2011.0,340000.0,80000.0,Diesel,,Manual,Second Owner,5.0,90.0,kmpl,21.9,1396.0
3273.0,Hyundai,2012.0,222000.0,120000.0,LPG,Individual,,First Owner,5.0,55.2,km/kg,21.1,814.0
3278.0,,2014.0,,70000.0,Petrol,Individual,Manual,,5.0,67.04,kmpl,20.51,
3279.0,Renault,2012.0,500000.0,,Diesel,Individual,Manual,Second Owner,5.0,78.0,kmpl,,1461.0
3283.0,Renault,2017.0,500000.0,80000.0,Diesel,Individual,Manual,Second Owner,,63.1,kmpl,23.08,1461.0
3287.0,,2012.0,200000.0,230000.0,Diesel,Individual,Manual,First Owner,5.0,70.0,kmpl,23.57,1396.0
3290.0,Ford,2019.0,900000.0,35000.0,Diesel,Individual,Manual,First Owner,5.0,98.96,kmpl,23.0,1498.0
3293.0,Hyundai,2011.0,165000.0,97000.0,Petrol,Individual,,Third Owner,5.0,68.05,kmpl,19.81,1086.0
3298.0,Hyundai,2011.0,160000.0,60000.0,Petrol,Individual,Manual,First Owner,5.0,68.05,,19.81,1086.0
3300.0,Maruti,2014.0,430000.0,90000.0,Diesel,Individual,Manual,,5.0,74.0,kmpl,22.9,
3305.0,Volkswagen,2018.0,600000.0,40000.0,Diesel,Individual,Manual,,5.0,108.62,,,1498.0
3306.0,,2017.0,1200000.0,25000.0,Diesel,Individual,Manual,First Owner,,126.2,kmpl,19.67,1582.0
3310.0,,2013.0,530000.0,40000.0,Diesel,Individual,Manual,First Owner,5.0,74.0,kmpl,23.4,1248.0
3317.0,MARUTI,2018.0,,,Petrol,Individual,Automatic,Second Owner,5.0,67.0,,,998.0
3318.0,Toyota,2015.0,387000.0,,Diesel,Individual,,First Owner,,67.04,kmpl,23.59,1364.0
3319.0,Maruti,2014.0,235000.0,,Petrol,Individual,Manual,First Owner,5.0,,kmpl,22.74,796.0
3328.0,Maruti,2007.0,100000.0,90000.0,Petrol,Individual,Manual,Second Owner,5.0,46.3,kmpl,19.7,796.0
3329.0,Volkswagen,2014.0,565000.0,111000.0,Diesel,Individual,Manual,First Owner,5.0,,kmpl,20.34,1498.0
3331.0,,2017.0,625000.0,15000.0,Petrol,Individual,Manual,First Owner,5.0,83.1,kmpl,21.4,1197.0
3332.0,MARUTI,2016.0,280000.0,30000.0,Petrol,Individual,Manual,Second Owner,5.0,47.3,kmpl,22.74,796.0
3334.0,Hyundai,2015.0,,40000.0,Diesel,Individual,Manual,,5.0,126.2,kmpl,19.67,1582.0
3345.0,Maruti,2017.0,700000.0,15000.0,Petrol,Individual,Automatic,First Owner,5.0,81.8,kmpl,21.21,1197.0
,Ford,2015.0,600000.0,135000.0,,Individual,Manual,First Owner,5.0,98.59,kmpl,22.77,1498.0
3352.0,Maruti,2012.0,229999.0,120000.0,Diesel,Individual,,First Owner,,73.94,kmpl,23.2,1248.0
3356.0,,2007.0,100000.0,90000.0,Diesel,Individual,Manual,,5.0,70.0,kmpl,23.57,1396.0
3358.0,Hyundai,2018.0,,50000.0,Diesel,Individual,Manual,First Owner,,88.73,kmpl,22.54,
3360.0,Maruti,2014.0,250000.0,40000.0,Petrol,Individual,Manual,Second Owner,5.0,47.3,kmpl,22.74,796.0
3361.0,TATA,2012.0,125000.0,120000.0,Diesel,Individual,Manual,First Owner,5.0,74.0,kmpl,22.3,1248.0
3370.0,Hyundai,2019.0,,30000.0,Petrol,Individual,,First Owner,5.0,68.0,,20.3,1086.0
3371.0,Ford,2018.0,950000.0,20000.0,Diesel,Individual,Manual,First Owner,5.0,98.96,kmpl,23.0,1498.0
3372.0,Maruti,2017.0,650000.0,21000.0,Petrol,Individual,Manual,First Owner,5.0,81.8,kmpl,22.0,1197.0
3373.0,Maruti,,400000.0,70000.0,Diesel,,Manual,First Owner,5.0,74.0,kmpl,22.9,
3375.0,Maruti,2006.0,100000.0,42500.0,Petrol,Individual,Manual,First Owner,5.0,46.3,kmpl,19.7,796.0
3376.0,,2012.0,350000.0,25000.0,Petrol,Individual,,First Owner,5.0,78.9,kmpl,20.36,1197.0
3379.0,NAN,2010.0,250000.0,80000.0,Diesel,,Manual,Fourth & Above Owner,,73.9,kmpl,22.07,1199.0
3387.0,Renault,2016.0,300000.0,34000.0,Petrol,Individual,Manual,First Owner,5.0,67.0,kmpl,23.01,999.0
3388.0,,,819999.0,,Diesel,Individual,Manual,First Owner,5.0,83.8,kmpl,19.87,1461.0
nan,Tata,2010.0,409999.0,100000.0,Diesel,Individual,,,5.0,70.0,kmpl,19.61,1405.0
3391.0,Maruti,2013.0,497000.0,,Diesel,Individual,Manual,,7.0,88.76,kmpl,20.77,1248.0
3394.0,FORD,2019.0,975000.0,30000.0,Diesel,Individual,Manual,First Owner,5.0,98.96,,,1498.0
3395.0,Ford,2018.0,620000.0,15000.0,Petrol,Individual,Manual,First Owner,5.0,94.93,kmpl,20.4,1194.0
3397.0,Ford,2018.0,950000.0,40000.0,Diesel,Individual,Manual,First Owner,5.0,98.96,kmpl,23.0,1498.0
3398.0,Maruti,2014.0,,110000.0,Diesel,,,First Owner,7.0,88.76,kmpl,20.77,1248.0
3399.0,Maruti,2011.0,400000.0,72000.0,Diesel,Individual,Manual,First Owner,5.0,74.0,kmpl,22.9,
3404.0,,2017.0,484999.0,30000.0,Petrol,Individual,Manual,First Owner,5.0,81.8,kmpl,20.89,
3409.0,Maruti,2016.0,574000.0,35000.0,Petrol,Individual,Manual,,5.0,83.14,kmpl,20.85,1197.0
3410.0,Tata,2013.0,200000.0,167000.0,,Individual,Manual,First Owner,5.0,88.8,kmpl,22.3,1248.0
3411.0,Hyundai,2016.0,1100000.0,94000.0,Diesel,Individual,Manual,First Owner,5.0,126.2,kmpl,19.67,1582.0
3416.0,MARUTI,,500000.0,10000.0,Petrol,Individual,Manual,First Owner,5.0,83.1,kmpl,21.4,1197.0
3418.0,Tata,2019.0,,5200.0,Petrol,Individual,Manual,First Owner,5.0,83.81,kmpl,20.3,1199.0
3420.0,MARUTI,2013.0,409999.0,90000.0,Diesel,Individual,Manual,Second Owner,5.0,74.0,kmpl,22.9,1248.0
3424.0,Renault,2018.0,950000.0,,Diesel,,Manual,First Owner,5.0,108.45,kmpl,19.6,1461.0
3438.0,HYUNDAI,,267000.0,40000.0,Petrol,Individual,Manual,First Owner,5.0,78.9,kmpl,20.36,1197.0
3446.0,Hyundai,2008.0,120000.0,93331.0,Petrol,Individual,,Second Owner,5.0,68.05,kmpl,19.81,1086.0
,Maruti,2019.0,750000.0,6500.0,Petrol,,Automatic,First Owner,5.0,81.8,kmpl,21.21,1197.0
3454.0,Toyota,,570000.0,120000.0,,Individual,,Second Owner,5.0,67.05,kmpl,23.59,1364.0
3455.0,Hyundai,2012.0,,120000.0,,Individual,Manual,Second Owner,5.0,55.2,kmpl,21.1,814.0
3458.0,Ford,2015.0,685000.0,109000.0,,Dealer,Manual,First Owner,5.0,89.84,kmpl,22.7,1498.0
3461.0,HYUNDAI,2013.0,425000.0,101000.0,Diesel,,Manual,First Owner,,88.76,kmpl,21.9,1396.0
3462.0,Volkswagen,2019.0,1350000.0,5400.0,Diesel,Dealer,Manual,Test Drive Car,5.0,108.6,kmpl,22.27,1498.0
nan,,2018.0,500000.0,31000.0,Petrol,Dealer,Manual,First Owner,5.0,67.0,kmpl,23.01,999.0
3466.0,Maruti,2016.0,434999.0,55000.0,Petrol,Dealer,Manual,First Owner,5.0,81.8,,20.52,1197.0
3467.0,Tata,2018.0,250000.0,55000.0,Petrol,Dealer,Automatic,First Owner,4.0,37.48,kmpl,21.9,624.0
3468.0,Hyundai,2014.0,700000.0,117000.0,Diesel,Dealer,Manual,First Owner,5.0,126.32,kmpl,,1582.0
3470.0,Maruti,2015.0,425000.0,,Petrol,Dealer,,First Owner,5.0,81.8,kmpl,20.52,1197.0
3472.0,Tata,2019.0,1140000.0,10000.0,Diesel,Individual,,First Owner,5.0,108.5,kmpl,21.5,1497.0
3476.0,Maruti,2010.0,215000.0,,Petrol,Individual,Manual,First Owner,5.0,46.3,kmpl,,796.0
3478.0,Maruti,2011.0,215000.0,50000.0,Petrol,Individual,Manual,,5.0,46.3,kmpl,19.7,796.0
3482.0,Maruti,2017.0,395000.0,25000.0,Petrol,Individual,Manual,First Owner,5.0,67.0,kmpl,21.63,998.0
3486.0,Maruti,2014.0,300000.0,,Petrol,Individual,Manual,First Owner,,67.04,kmpl,20.51,998.0
3487.0,Chevrolet,2013.0,355000.0,68000.0,Diesel,Individual,Manual,First Owner,5.0,76.9,kmpl,22.1,1248.0
3488.0,Maruti,2015.0,,35000.0,Petrol,,,Second Owner,5.0,47.3,kmpl,22.74,796.0
3494.0,Maruti,2013.0,409999.0,90000.0,Diesel,Individual,Manual,First Owner,5.0,74.0,kmpl,22.9,1248.0
3498.0,Maruti,,,56000.0,Diesel,Individual,Manual,First Owner,5.0,,kmpl,23.4,1248.0
,Maruti,2009.0,155000.0,54000.0,Petrol,Individual,Manual,First Owner,5.0,46.3,kmpl,19.7,796.0
3506.0,Hyundai,2018.0,565000.0,10000.0,Petrol,Individual,,First Owner,5.0,68.0,,20.3,1086.0
3507.0,Ford,2018.0,900000.0,40000.0,Diesel,Individual,Manual,First Owner,,98.96,kmpl,23.0,1498.0
,Hyundai,,575000.0,60000.0,Diesel,Individual,Manual,First Owner,5.0,88.73,kmpl,22.54,1396.0
,Ford,2017.0,750000.0,37000.0,Diesel,Individual,Manual,First Owner,5.0,98.96,kmpl,23.0,1498.0
nan,Maruti,2018.0,625000.0,22000.0,Petrol,Individual,Manual,First Owner,5.0,,kmpl,21.4,1197.0
3516.0,Hyundai,2018.0,799000.0,60000.0,Diesel,,Manual,Second Owner,5.0,88.73,,22.54,1396.0
3517.0,,2013.0,,,Petrol,Individual,Manual,Second Owner,,67.04,,,998.0
,Maruti,2017.0,850000.0,27000.0,Petrol,Individual,Manual,First Owner,5.0,91.1,kmpl,20.73,1373.0
3520.0,MARUTI,2011.0,229999.0,40000.0,Petrol,Individual,Manual,Second Owner,5.0,67.1,kmpl,,998.0
3521.0,Maruti,2015.0,400000.0,60000.0,Petrol,Individual,Manual,First Owner,5.0,,kmpl,,998.0
3524.0,Hyundai,2015.0,250999.0,43000.0,Petrol,Individual,Manual,Second Owner,5.0,55.2,kmpl,21.1,814.0
3526.0,,2016.0,450000.0,64000.0,Petrol,Individual,Manual,First Owner,5.0,81.8,kmpl,20.4,1197.0
3527.0,,2017.0,575000.0,96000.0,Diesel,Individual,Manual,First Owner,5.0,83.8,kmpl,19.87,1461.0
3528.0,Renault,2013.0,400000.0,96000.0,,Individual,Manual,First Owner,5.0,83.8,kmpl,20.46,1461.0
3529.0,NAN,2019.0,480000.0,7600.0,Petrol,Individual,Manual,First Owner,5.0,67.0,kmpl,21.63,998.0
3530.0,Maruti,2019.0,490000.0,7000.0,Petrol,Individual,Manual,First Owner,,67.0,kmpl,21.63,998.0
,Tata,2017.0,600000.0,50000.0,Diesel,Individual,,First Owner,5.0,74.0,kmpl,22.95,1248.0
3534.0,TATA,2015.0,425000.0,80000.0,Diesel,Individual,Manual,First Owner,5.0,88.7,,23.0,1248.0
3537.0,Maruti,,360000.0,34000.0,Petrol,Individual,Manual,First Owner,5.0,67.04,kmpl,,998.0
3541.0,Hyundai,2014.0,755000.0,29340.0,Diesel,Individual,Manual,,5.0,126.32,kmpl,22.32,1582.0
3542.0,Ford,2011.0,215000.0,120000.0,Diesel,Individual,Manual,First Owner,5.0,,,,1399.0
3544.0,Hyundai,2007.0,190000.0,70000.0,Petrol,Individual,Manual,Second Owner,5.0,68.05,kmpl,19.81,1086.0
3547.0,Maruti,2014.0,438999.0,,Diesel,Dealer,Manual,First Owner,5.0,74.0,,23.4,1248.0
3548.0,Renault,2015.0,550000.0,240000.0,Diesel,Individual,Manual,First Owner,7.0,,kmpl,19.98,1461.0
3557.0,Maruti,2013.0,,88200.0,Diesel,Individual,Manual,First Owner,5.0,73.94,kmpl,23.2,1248.0
3567.0,Maruti,2016.0,270000.0,35000.0,Petrol,Individual,,First Owner,5.0,47.3,kmpl,22.74,796.0
3569.0,Tata,2011.0,220000.0,80000.0,Diesel,Individual,Manual,First Owner,5.0,69.0,kmpl,23.03,1396.0
3571.0,Maruti,2019.0,,7500.0,Petrol,Individual,Automatic,First Owner,5.0,81.8,kmpl,21.21,
3573.0,HYUNDAI,2016.0,300000.0,40800.0,Petrol,Individual,Manual,First Owner,5.0,55.2,kmpl,21.1,814.0
,Maruti,,550000.0,,Petrol,Individual,Manual,,5.0,81.8,kmpl,22.0,1197.0
3581.0,Toyota,2018.0,670000.0,150000.0,Diesel,,Manual,First Owner,5.0,67.05,,,1364.0
3585.0,Hyundai,2016.0,425000.0,50000.0,Petrol,Individual,Manual,First Owner,5.0,68.05,kmpl,19.81,1086.0
3589.0,Mahindra,2018.0,750000.0,22000.0,Diesel,Individual,Manual,First Owner,5.0,65.0,,21.03,1461.0
3593.0,,2016.0,475000.0,50000.0,Diesel,Individual,Manual,First Owner,5.0,74.0,kmpl,,1248.0
3599.0,Maruti,2015.0,700000.0,120000.0,Diesel,Individual,Manual,Second Owner,7.0,88.76,kmpl,20.77,1248.0
3605.0,,2012.0,240000.0,,Diesel,Individual,Manual,Second Owner,5.0,73.94,kmpl,23.2,1248.0
3609.0,Maruti,2015.0,400000.0,30000.0,Petrol,Individual,Manual,First Owner,5.0,67.04,kmpl,23.1,998.0
3610.0,Hyundai,2014.0,545000.0,80000.0,Diesel,Individual,Manual,Second Owner,5.0,126.32,kmpl,22.32,1582.0
3612.0,Hyundai,2016.0,725000.0,100000.0,Diesel,Individual,Manual,First Owner,5.0,88.7,kmpl,21.38,1396.0
3614.0,Maruti,2011.0,204999.0,85000.0,Diesel,Individual,,,5.0,73.9,kmpl,21.1,1248.0
3617.0,NAN,2012.0,204000.0,110000.0,Petrol,Individual,Manual,Third Owner,5.0,67.1,kmpl,20.92,998.0
3618.0,Hyundai,2018.0,350000.0,,Petrol,Individual,Manual,First Owner,5.0,68.05,kmpl,20.3,998.0
3619.0,Volkswagen,2013.0,350000.0,100000.0,Diesel,Individual,Manual,First Owner,5.0,103.6,kmpl,20.54,1598.0
3620.0,Ford,,175000.0,120000.0,Diesel,Individual,Manual,Second Owner,5.0,68.0,,20.0,1399.0
3621.0,Volkswagen,2011.0,340000.0,90000.0,Diesel,Individual,Manual,First Owner,5.0,,kmpl,20.54,1598.0
3637.0,Maruti,2013.0,360000.0,97000.0,Diesel,Individual,Manual,First Owner,,74.0,kmpl,22.9,1248.0
3641.0,Maruti,2007.0,100000.0,,,Individual,Manual,Third Owner,5.0,46.3,kmpl,19.7,796.0
3645.0,MARUTI,2014.0,450000.0,70000.0,Diesel,Individual,,First Owner,,74.0,kmpl,23.4,1248.0
3647.0,Maruti,2011.0,215000.0,,Petrol,Individual,Manual,First Owner,5.0,85.8,kmpl,21.1,1197.0
3649.0,Volkswagen,2015.0,,80000.0,Diesel,Individual,,First Owner,5.0,88.8,kmpl,20.14,1498.0
3652.0,MARUTI,2010.0,145000.0,70000.0,Petrol,Individual,Manual,Second Owner,5.0,67.1,kmpl,20.92,998.0
,,2016.0,,30000.0,Petrol,Individual,Manual,Second Owner,5.0,67.04,kmpl,20.51,998.0
,Maruti,2015.0,300000.0,50000.0,Petrol,Individual,Manual,First Owner,5.0,47.3,kmpl,22.74,796.0
3660.0,Tata,2010.0,170000.0,150000.0,Diesel,Individual,Manual,Third Owner,,,kmpl,21.12,1248.0
3668.0,Maruti,2013.0,600000.0,60000.0,Diesel,Individual,,Third Owner,,88.8,kmpl,20.77,1248.0
3670.0,Hyundai,2019.0,509999.0,5000.0,Petrol,Individual,Manual,First Owner,,68.0,kmpl,20.3,1086.0
3672.0,Hyundai,,280000.0,55000.0,Petrol,Individual,Manual,,5.0,78.9,kmpl,,1197.0
3679.0,,2015.0,600000.0,40000.0,Diesel,Individual,Manual,First Owner,5.0,98.59,kmpl,22.77,1498.0
3681.0,NAN,2019.0,695000.0,,Diesel,Dealer,Manual,First Owner,5.0,88.0,kmpl,20.14,
3691.0,,2016.0,355000.0,60000.0,Petrol,Dealer,Manual,First Owner,5.0,67.05,kmpl,21.79,998.0
3694.0,Volkswagen,2018.0,650000.0,40000.0,Diesel,,Manual,First Owner,5.0,88.0,kmpl,20.14,1498.0
3699.0,,2011.0,,90000.0,Diesel,Individual,Manual,Second Owner,,73.9,,21.1,1248.0
3700.0,Renault,2012.0,225000.0,110000.0,Diesel,Individual,,Second Owner,5.0,63.12,kmpl,23.08,1461.0
3702.0,Hyundai,2014.0,700000.0,80000.0,Diesel,Individual,Manual,First Owner,5.0,126.32,kmpl,22.32,1582.0
3704.0,Hyundai,2016.0,800000.0,80000.0,Diesel,Individual,Manual,First Owner,5.0,88.73,kmpl,21.19,1396.0
3707.0,Toyota,2010.0,450000.0,120000.0,Diesel,Individual,Manual,Second Owner,5.0,87.2,kmpl,21.43,1364.0
,Hyundai,2016.0,925000.0,79000.0,Diesel,Dealer,Manual,First Owner,5.0,126.2,kmpl,19.67,1582.0
,,2013.0,620000.0,139000.0,Diesel,Individual,Manual,First Owner,7.0,88.76,kmpl,20.77,1248.0
3719.0,Renault,2019.0,786000.0,7720.0,Petrol,Individual,Manual,First Owner,7.0,71.0,kmpl,20.0,999.0
3721.0,Maruti,2002.0,120000.0,60000.0,Diesel,Individual,,Second Owner,5.0,58.0,kmpl,20.8,1527.0
3722.0,,2016.0,750000.0,100000.0,Diesel,Individual,Manual,First Owner,,,kmpl,20.8,1461.0
3727.0,Maruti,2015.0,290000.0,30000.0,Petrol,Individual,Manual,Second Owner,,,kmpl,23.1,998.0
3730.0,NAN,2019.0,500000.0,5000.0,Petrol,Individual,Manual,First Owner,5.0,,kmpl,20.3,1086.0
3731.0,Tata,,250000.0,50000.0,Diesel,,Manual,,5.0,88.8,kmpl,21.02,1248.0
3732.0,Tata,2013.0,,80000.0,Diesel,Individual,Manual,First Owner,5.0,69.0,kmpl,23.03,
3740.0,Ford,2017.0,960000.0,42000.0,Diesel,Dealer,Manual,First Owner,5.0,98.96,kmpl,,1498.0
,Maruti,2019.0,1025000.0,15000.0,Petrol,Dealer,Automatic,First Owner,5.0,103.25,kmpl,20.28,1462.0
3747.0,Maruti,2017.0,700000.0,80000.0,Petrol,Dealer,Manual,,5.0,81.8,kmpl,22.0,1197.0
3748.0,Ford,2016.0,780000.0,60000.0,Diesel,Dealer,Manual,First Owner,5.0,98.59,kmpl,,1498.0
3749.0,Hyundai,2017.0,1050000.0,70000.0,,Dealer,Manual,First Owner,5.0,126.32,kmpl,22.32,1582.0
3750.0,Tata,nan,400000.0,100000.0,Diesel,Individual,,First Owner,5.0,74.0,kmpl,22.95,1248.0
3752.0,Maruti,2009.0,,,Petrol,Individual,Manual,Second Owner,5.0,46.3,kmpl,19.7,
,Renault,2018.0,,50000.0,Petrol,,Manual,,5.0,,kmpl,23.01,999.0
3767.0,Maruti,2011.0,155000.0,,,,Manual,First Owner,5.0,46.3,kmpl,19.7,796.0
3769.0,,2010.0,132000.0,,,Individual,Manual,First Owner,5.0,46.3,kmpl,19.7,796.0
3770.0,Hyundai,2018.0,750000.0,30000.0,Diesel,Individual,Manual,First Owner,,88.76,kmpl,22.54,1396.0
3772.0,Hyundai,2011.0,240000.0,80000.0,Petrol,Individual,Manual,First Owner,5.0,78.9,kmpl,20.36,1197.0
3776.0,Honda,2019.0,1100000.0,50000.0,Diesel,,,Second Owner,,98.6,kmpl,21.9,1498.0
3779.0,Maruti,2011.0,325000.0,70000.0,Diesel,Individual,Manual,First Owner,5.0,74.0,kmpl,22.9,1248.0
3781.0,Renault,2017.0,800000.0,50000.0,Diesel,Individual,Manual,First Owner,8.0,,kmpl,21.04,1461.0
,Ford,2018.0,950000.0,80000.0,Diesel,Individual,Manual,First Owner,5.0,,kmpl,23.0,1498.0
3783.0,Maruti,2013.0,300000.0,120000.0,Diesel,Individual,Manual,Fourth & Above Owner,5.0,,kmpl,22.9,1248.0
3793.0,Hyundai,,200000.0,68697.0,,Individual,Manual,Third Owner,,55.2,kmpl,21.1,814.0
3799.0,Maruti,2014.0,,70000.0,Diesel,Individual,Manual,First Owner,5.0,73.94,,23.2,1248.0
3800.0,Toyota,2015.0,790000.0,126000.0,Diesel,Individual,Manual,Third Owner,5.0,87.2,kmpl,21.43,1364.0
3803.0,Toyota,2015.0,,129000.0,Diesel,Individual,Manual,Third Owner,5.0,,kmpl,21.43,1364.0
3804.0,Hyundai,2010.0,180000.0,55000.0,,Individual,Manual,Second Owner,5.0,68.05,kmpl,19.81,1086.0
,Ford,2019.0,869999.0,40000.0,,Individual,,First Owner,5.0,98.96,kmpl,23.0,1498.0
3806.0,Tata,2011.0,275000.0,50000.0,Diesel,Individual,Manual,First Owner,5.0,88.8,kmpl,21.12,1248.0
3809.0,Maruti,2016.0,315000.0,25000.0,Petrol,Individual,Manual,First Owner,5.0,47.3,kmpl,22.74,796.0
3810.0,Tata,2011.0,189000.0,70000.0,Diesel,Individual,Manual,,5.0,70.0,kmpl,23.57,1396.0
3811.0,Maruti,2014.0,580000.0,120000.0,Diesel,,Manual,,,74.0,kmpl,23.4,1248.0
3816.0,,2017.0,680000.0,,Diesel,Individual,,First Owner,5.0,88.73,kmpl,22.54,1396.0
3817.0,HYUNDAI,2017.0,670000.0,80000.0,Diesel,Individual,Manual,First Owner,5.0,88.73,,22.54,1396.0
3818.0,,2010.0,240000.0,80000.0,Petrol,Individual,,Second Owner,5.0,67.1,kmpl,20.92,
3821.0,Tata,2016.0,220000.0,22000.0,Petrol,Individual,Automatic,First Owner,4.0,,,21.9,624.0
3823.0,CHEVROLET,2013.0,225000.0,100000.0,Diesel,,Manual,Second Owner,5.0,76.9,,22.1,
nan,Maruti,nan,600000.0,70000.0,Diesel,Individual,Manual,Second Owner,5.0,74.0,kmpl,23.4,1248.0
3828.0,Maruti,2019.0,500000.0,10000.0,Petrol,,Manual,First Owner,5.0,81.8,kmpl,20.89,1197.0
3830.0,Ford,2019.0,,16034.0,Diesel,Dealer,Manual,First Owner,,98.96,kmpl,21.7,1498.0
3831.0,Ford,2012.0,250000.0,156040.0,Diesel,Dealer,Manual,First Owner,5.0,68.0,kmpl,20.0,
3834.0,Maruti,2017.0,,46000.0,Petrol,Individual,Manual,First Owner,5.0,81.8,kmpl,22.0,1197.0
3835.0,Maruti,2018.0,469000.0,5000.0,Petrol,Individual,Manual,First Owner,5.0,67.05,kmpl,21.79,998.0
3838.0,Ford,2019.0,906000.0,30000.0,Diesel,Individual,Manual,First Owner,5.0,98.96,kmpl,23.0,1498.0
3839.0,Ford,2011.0,160000.0,85000.0,Diesel,Individual,,First Owner,5.0,68.0,kmpl,20.0,1399.0
3845.0,Maruti,2012.0,325000.0,80000.0,Diesel,Individual,Manual,Second Owner,5.0,74.0,kmpl,22.9,1248.0
3846.0,Maruti,,150000.0,70000.0,Petrol,Individual,Manual,Second Owner,5.0,46.3,kmpl,19.7,
3847.0,Hyundai,2014.0,250000.0,2350.0,Petrol,Individual,,First Owner,5.0,55.2,kmpl,21.1,814.0
3848.0,Maruti,2011.0,175000.0,50000.0,Petrol,Individual,Manual,First Owner,5.0,46.3,kmpl,19.7,796.0
3849.0,Maruti,2010.0,175000.0,58000.0,Petrol,Individual,Manual,First Owner,5.0,,,19.7,796.0
3855.0,Maruti,2012.0,160000.0,110000.0,Petrol,Individual,Manual,First Owner,,,kmpl,19.7,796.0
3857.0,Maruti,,160000.0,60000.0,Petrol,Individual,Manual,Third Owner,5.0,46.3,kmpl,19.7,
3858.0,Hyundai,2012.0,400000.0,100000.0,Diesel,Individual,Manual,,5.0,88.76,kmpl,21.27,1396.0
3859.0,,2013.0,451000.0,120000.0,Diesel,Individual,Manual,First Owner,5.0,67.06,kmpl,23.59,1364.0
3861.0,Tata,2012.0,300000.0,,Diesel,Individual,Manual,Third Owner,5.0,88.8,kmpl,21.12,1248.0
3862.0,Maruti,2017.0,421000.0,59500.0,Petrol,Individual,Manual,Second Owner,5.0,,kmpl,23.1,998.0
3865.0,Hyundai,,395000.0,75500.0,Diesel,Individual,Manual,Second Owner,5.0,90.0,kmpl,,1396.0
3867.0,Maruti,2013.0,270000.0,60000.0,Petrol,Individual,Manual,,5.0,47.3,kmpl,22.74,796.0
3871.0,,,,77524.0,Diesel,Dealer,,First Owner,,89.84,kmpl,22.7,1498.0
3876.0,Maruti,2018.0,800000.0,25000.0,Petrol,Individual,Automatic,First Owner,,83.1,kmpl,21.4,1197.0
3878.0,Maruti,2017.0,530000.0,42000.0,Petrol,Individual,Manual,First Owner,5.0,83.1,kmpl,21.4,1197.0
3879.0,Maruti,2015.0,450000.0,,Petrol,Individual,Manual,First Owner,5.0,83.14,kmpl,20.85,1197.0
3880.0,Maruti,2011.0,235000.0,60000.0,Petrol,Individual,Manual,First Owner,5.0,67.1,,20.92,998.0
3881.0,Maruti,2013.0,550000.0,240000.0,Diesel,Individual,Manual,,,74.0,kmpl,23.4,1248.0
3883.0,Volkswagen,2015.0,,120000.0,,Individual,Manual,Second Owner,5.0,103.2,kmpl,20.34,
3884.0,Hyundai,2009.0,160000.0,35000.0,Petrol,Individual,Manual,Third Owner,5.0,68.05,kmpl,19.81,1086.0
3885.0,Maruti,2007.0,,120000.0,Petrol,Individual,Manual,Second Owner,,46.3,kmpl,19.7,796.0
3888.0,Maruti,,128000.0,60000.0,,Individual,Manual,Second Owner,5.0,46.3,kmpl,19.7,796.0
3895.0,Maruti,,150000.0,80000.0,Petrol,Individual,Manual,Third Owner,5.0,46.3,kmpl,19.7,
3898.0,Maruti,2018.0,,15000.0,Petrol,Individual,Manual,First Owner,5.0,100.5,kmpl,21.1,998.0
3907.0,Maruti,2017.0,,40000.0,,Individual,Manual,,,81.8,kmpl,20.89,1197.0
3908.0,Maruti,2019.0,600000.0,20000.0,Petrol,Individual,Automatic,First Owner,5.0,83.1,kmpl,21.4,1197.0
3914.0,Maruti,2013.0,600000.0,50000.0,Diesel,Individual,Manual,Second Owner,7.0,88.8,kmpl,20.77,1248.0
,Maruti,2010.0,225000.0,64000.0,Diesel,Individual,Manual,,5.0,,,,1248.0
3924.0,MARUTI,2018.0,465000.0,30000.0,Petrol,Individual,Manual,First Owner,5.0,67.04,kmpl,20.51,998.0
3929.0,,2015.0,415000.0,120000.0,Diesel,Individual,Manual,Second Owner,7.0,83.8,kmpl,21.04,1461.0
3933.0,Maruti,2018.0,459999.0,12000.0,Petrol,Individual,Manual,First Owner,5.0,81.8,kmpl,,1197.0
3939.0,Maruti,2018.0,640000.0,25000.0,,Individual,Automatic,First Owner,5.0,81.8,kmpl,22.0,1197.0
3940.0,NAN,2017.0,350000.0,,,Individual,Automatic,,5.0,67.0,kmpl,20.51,998.0
3944.0,Maruti,2018.0,445000.0,5000.0,Petrol,Individual,Automatic,Second Owner,5.0,67.0,kmpl,20.51,998.0
3945.0,Maruti,2015.0,580000.0,15000.0,Diesel,Individual,,Second Owner,7.0,88.76,kmpl,,1248.0
3946.0,Hyundai,2020.0,1050000.0,20000.0,Diesel,Individual,Manual,First Owner,5.0,88.7,kmpl,22.1,1396.0
3947.0,,2015.0,600000.0,,,Individual,Manual,First Owner,5.0,98.59,kmpl,22.77,1498.0
3950.0,Maruti,2017.0,483000.0,15000.0,Petrol,Individual,Manual,First Owner,,67.04,kmpl,23.1,998.0
3955.0,Maruti,2020.0,600000.0,5000.0,Petrol,Individual,Automatic,First Owner,5.0,81.8,kmpl,20.89,1197.0
,Maruti,,220000.0,,CNG,Individual,Manual,First Owner,5.0,,km/kg,21.94,1196.0
3960.0,HYUNDAI,2018.0,340000.0,120000.0,Petrol,Individual,Manual,First Owner,5.0,68.05,kmpl,20.3,998.0
3967.0,Maruti,2011.0,200000.0,100000.0,,Individual,Manual,Second Owner,5.0,85.8,kmpl,21.1,1197.0
3969.0,HYUNDAI,2012.0,432000.0,77000.0,Diesel,Individual,Manual,First Owner,,126.32,kmpl,22.32,1582.0
3973.0,Hyundai,2011.0,250000.0,120000.0,Diesel,Individual,Manual,Third Owner,5.0,90.0,kmpl,23.0,1396.0
,Maruti,2017.0,475000.0,,Petrol,Individual,,First Owner,5.0,67.04,kmpl,,998.0
NAN,MARUTI,2015.0,400000.0,20000.0,Petrol,Individual,Automatic,First Owner,5.0,67.0,kmpl,20.51,998.0
3986.0,Maruti,2015.0,350000.0,40000.0,Petrol,Individual,,Second Owner,5.0,67.04,kmpl,20.51,998.0
3989.0,Tata,2018.0,550000.0,10000.0,Petrol,Individual,Manual,First Owner,5.0,84.0,kmpl,20.3,1199.0
NAN,MARUTI,2013.0,430000.0,63000.0,Diesel,Individual,Manual,First Owner,5.0,74.0,kmpl,23.4,1248.0
3999.0,,2011.0,220000.0,35000.0,Petrol,Individual,,First Owner,5.0,46.3,,19.7,796.0
4001.0,Ford,2010.0,200000.0,110000.0,Diesel,Individual,Manual,Second Owner,5.0,68.0,kmpl,20.0,1399.0
4004.0,Hyundai,2017.0,1150000.0,,Diesel,Individual,Manual,Second Owner,5.0,126.2,kmpl,19.67,1582.0
4007.0,Maruti,2017.0,400000.0,60000.0,CNG,Individual,Manual,First Owner,5.0,61.7,km/kg,21.94,1196.0
,Ford,2016.0,,30000.0,Diesel,Individual,Manual,First Owner,5.0,98.96,kmpl,21.7,1498.0
4010.0,NAN,2014.0,736000.0,125000.0,Diesel,Individual,,First Owner,5.0,126.32,kmpl,22.32,1582.0
4013.0,Maruti,2010.0,180000.0,80500.0,Petrol,Individual,Manual,Second Owner,5.0,46.3,kmpl,19.7,796.0
4014.0,TOYOTA,2014.0,409999.0,200000.0,Diesel,Individual,Manual,First Owner,5.0,67.04,kmpl,23.59,1364.0
4017.0,Maruti,2006.0,80000.0,110000.0,Diesel,Individual,Manual,Second Owner,5.0,58.0,kmpl,20.8,1527.0
4018.0,Maruti,2005.0,110000.0,90000.0,Petrol,Individual,Manual,Second Owner,5.0,46.3,kmpl,19.7,796.0
4021.0,Volkswagen,2018.0,560000.0,18000.0,Diesel,Individual,Manual,First Owner,5.0,,kmpl,,
4024.0,Maruti,2016.0,480000.0,65755.0,Petrol,Individual,Manual,First Owner,5.0,83.1,kmpl,21.4,1197.0
4025.0,Ford,2019.0,960000.0,2600.0,Diesel,Individual,Manual,First Owner,5.0,98.96,kmpl,23.0,1498.0
4027.0,,2017.0,310000.0,15000.0,Petrol,Individual,Manual,Second Owner,5.0,55.2,kmpl,21.1,814.0
4028.0,Maruti,2014.0,500000.0,60000.0,Diesel,Individual,Manual,First Owner,5.0,74.0,kmpl,23.4,1248.0
4037.0,Renault,2017.0,850000.0,50000.0,Diesel,Individual,Automatic,First Owner,5.0,108.45,kmpl,19.6,
4040.0,Hyundai,2019.0,1200000.0,,Diesel,,Automatic,First Owner,5.0,126.2,kmpl,22.0,1582.0
4043.0,VOLKSWAGEN,2013.0,365000.0,70000.0,Diesel,Individual,Manual,Second Owner,5.0,73.9,kmpl,22.07,1199.0
4046.0,Renault,2017.0,880000.0,50000.0,Diesel,Individual,Manual,First Owner,5.0,108.45,,19.6,
4051.0,Renault,2018.0,320000.0,,Petrol,Individual,Manual,First Owner,5.0,,kmpl,23.01,999.0
4052.0,Renault,2015.0,550000.0,60000.0,Diesel,Individual,,First Owner,5.0,,kmpl,20.45,1461.0
4055.0,,2015.0,300000.0,,Petrol,Individual,Manual,First Owner,5.0,67.04,kmpl,20.51,998.0
4056.0,Hyundai,2016.0,,152000.0,Diesel,Individual,Manual,First Owner,5.0,88.73,kmpl,21.19,1396.0
4062.0,Maruti,2014.0,300000.0,90000.0,CNG,,Manual,First Owner,5.0,63.0,km/kg,21.94,1196.0
4063.0,Maruti,2017.0,390000.0,30000.0,CNG,Individual,Manual,First Owner,,63.0,km/kg,21.94,1196.0
4066.0,,2012.0,,110000.0,,Individual,Manual,Third Owner,5.0,74.0,,22.9,1248.0
4067.0,Volkswagen,2012.0,300000.0,150000.0,Diesel,Individual,Manual,Second Owner,5.0,103.6,kmpl,20.54,1598.0
4068.0,Hyundai,2012.0,350000.0,110000.0,Diesel,Individual,Manual,First Owner,5.0,90.0,kmpl,,1396.0
4069.0,Hyundai,2015.0,880000.0,120000.0,Diesel,,Manual,Second Owner,5.0,126.2,kmpl,19.67,1582.0
4072.0,,2016.0,660000.0,110000.0,Diesel,Individual,Manual,First Owner,5.0,88.73,,21.19,1396.0
4074.0,Volkswagen,2012.0,400000.0,110000.0,Diesel,Individual,Manual,Second Owner,5.0,103.6,kmpl,19.7,1598.0
4076.0,Ford,,229999.0,230000.0,Diesel,Individual,Manual,First Owner,5.0,68.1,kmpl,20.0,1399.0
4083.0,Maruti,2018.0,,19000.0,Petrol,Individual,Manual,First Owner,5.0,67.04,kmpl,,998.0
4084.0,MARUTI,2019.0,579000.0,10000.0,Petrol,Individual,,First Owner,5.0,,kmpl,21.4,1197.0
4086.0,Hyundai,2012.0,270000.0,30000.0,Petrol,Individual,Manual,First Owner,5.0,78.9,,20.36,1197.0
4091.0,Hyundai,2010.0,187000.0,200400.0,Petrol,Individual,Manual,Second Owner,5.0,68.05,kmpl,19.81,1086.0
4092.0,Hyundai,2008.0,195000.0,,,Individual,Manual,Second Owner,5.0,78.9,kmpl,20.36,1197.0
NAN,HYUNDAI,2018.0,,25000.0,Petrol,Individual,Manual,,5.0,68.0,kmpl,20.3,1086.0
4097.0,Maruti,2016.0,385000.0,,Petrol,Individual,Manual,Second Owner,5.0,,,20.51,998.0
4099.0,,2008.0,120000.0,70000.0,Petrol,Individual,Manual,Third Owner,,46.3,kmpl,19.7,796.0
4102.0,,2016.0,700000.0,20000.0,Petrol,Individual,Manual,First Owner,5.0,91.1,kmpl,20.73,1373.0
4103.0,Tata,2013.0,290000.0,25000.0,Diesel,Individual,Manual,First Owner,5.0,70.0,kmpl,23.57,1396.0
4110.0,TATA,2019.0,450000.0,25000.0,Petrol,Individual,Manual,First Owner,5.0,84.0,,20.3,1199.0
4113.0,Maruti,,,7300.0,Petrol,Individual,Manual,First Owner,5.0,81.8,kmpl,21.01,1197.0
4115.0,Maruti,2010.0,150000.0,100000.0,Petrol,Individual,Manual,First Owner,5.0,46.3,,19.7,796.0
nan,,2013.0,425000.0,80000.0,Diesel,Individual,Manual,Second Owner,5.0,126.32,kmpl,,1582.0
4118.0,Hyundai,2010.0,260000.0,60000.0,,Individual,Manual,First Owner,5.0,78.9,kmpl,20.36,1197.0
4119.0,Volkswagen,2014.0,400000.0,110000.0,Diesel,Individual,Manual,Second Owner,,88.8,kmpl,20.14,
4120.0,Hyundai,2017.0,575000.0,70000.0,Diesel,Individual,Manual,Second Owner,5.0,88.73,kmpl,22.54,1396.0
4122.0,,2010.0,250000.0,90000.0,CNG,Individual,Manual,Second Owner,5.0,103.3,km/kg,21.4,1586.0
4123.0,Volkswagen,2012.0,,95000.0,Diesel,Individual,Manual,First Owner,5.0,103.6,kmpl,19.7,1598.0
4126.0,Volkswagen,2013.0,350000.0,70000.0,Diesel,Individual,Manual,Second Owner,5.0,88.5,kmpl,20.14,1498.0
NAN,MARUTI,2014.0,300000.0,35000.0,Petrol,Individual,Manual,First Owner,5.0,81.8,kmpl,20.52,1197.0
4136.0,Hyundai,2013.0,300000.0,40000.0,Petrol,Individual,Manual,,5.0,78.9,kmpl,20.36,1197.0
4137.0,Hyundai,2014.0,250000.0,25000.0,Petrol,Individual,Manual,First Owner,5.0,55.2,kmpl,21.1,814.0
4139.0,Maruti,2008.0,95000.0,,Petrol,Individual,Manual,First Owner,5.0,,kmpl,19.7,796.0
4140.0,Hyundai,2018.0,475000.0,7800.0,,,,First Owner,5.0,68.0,kmpl,20.3,1086.0
nan,Maruti,2016.0,482000.0,50000.0,Petrol,Individual,Manual,First Owner,5.0,81.8,kmpl,20.4,
4145.0,FORD,2017.0,625000.0,40000.0,Diesel,Individual,Manual,Fourth & Above Owner,5.0,98.59,kmpl,22.77,1498.0
4152.0,Renault,2019.0,420000.0,15000.0,Petrol,,Manual,First Owner,5.0,67.0,kmpl,23.01,999.0
4154.0,HYUNDAI,2016.0,420000.0,,Petrol,Individual,Manual,Second Owner,5.0,68.05,kmpl,19.81,1086.0
4160.0,Hyundai,2008.0,185000.0,110000.0,Petrol,Individual,Manual,Fourth & Above Owner,5.0,68.05,kmpl,19.81,1086.0
4163.0,Maruti,2015.0,210000.0,50000.0,Petrol,Individual,Manual,Second Owner,5.0,47.3,kmpl,22.74,796.0
,Maruti,,350000.0,,Diesel,Individual,Manual,Second Owner,5.0,88.8,kmpl,21.5,1248.0
4169.0,HYUNDAI,2011.0,350000.0,93000.0,Diesel,Individual,Manual,Second Owner,5.0,90.0,kmpl,21.9,
4174.0,Hyundai,2012.0,290000.0,27000.0,Petrol,Individual,Manual,,5.0,78.9,kmpl,20.36,1197.0
4177.0,MARUTI,2011.0,225000.0,30000.0,Petrol,Individual,Manual,First Owner,5.0,67.1,kmpl,,998.0
,Maruti,2014.0,300000.0,80000.0,Petrol,Individual,Manual,First Owner,5.0,67.04,kmpl,23.1,998.0
4187.0,Hyundai,2014.0,600000.0,125000.0,Diesel,Individual,Manual,First Owner,5.0,126.32,kmpl,22.32,1582.0
4189.0,Maruti,2013.0,600000.0,120000.0,Diesel,Individual,Manual,Third Owner,7.0,88.8,kmpl,20.77,1248.0
4191.0,Hyundai,2016.0,735000.0,25000.0,Diesel,Individual,Manual,First Owner,5.0,88.73,kmpl,22.54,
,Renault,2015.0,600000.0,,Diesel,Individual,Manual,First Owner,8.0,83.8,,21.04,1461.0
4196.0,HYUNDAI,2016.0,720000.0,80000.0,Diesel,Individual,Manual,First Owner,,88.73,kmpl,21.19,1396.0
4199.0,Hyundai,2014.0,545000.0,100000.0,Diesel,Individual,Manual,Second Owner,5.0,126.32,kmpl,22.32,1582.0
4200.0,Volkswagen,2011.0,370000.0,100000.0,Diesel,Individual,Manual,,5.0,,,20.54,1598.0
,Maruti,2019.0,711000.0,5000.0,Petrol,Individual,Manual,First Owner,,83.1,kmpl,21.4,1197.0
4206.0,Maruti,2020.0,749000.0,5500.0,Petrol,Individual,Manual,First Owner,5.0,81.8,,21.01,1197.0
4207.0,Renault,2016.0,550000.0,80000.0,,Individual,Manual,Second Owner,5.0,108.45,kmpl,,1461.0
4211.0,,2014.0,575000.0,120000.0,Diesel,Individual,Manual,Third Owner,5.0,126.32,kmpl,22.32,1582.0
4213.0,Tata,2017.0,600000.0,40000.0,Petrol,Individual,Manual,Second Owner,5.0,84.0,kmpl,20.3,1199.0
4214.0,Ford,2012.0,390000.0,120000.0,,Individual,Manual,First Owner,5.0,88.7,kmpl,23.5,1498.0
4216.0,Hyundai,2010.0,,110000.0,Diesel,Individual,Manual,First Owner,,90.0,kmpl,23.0,1396.0
4218.0,Maruti,2014.0,530000.0,80000.0,Diesel,Individual,Manual,Second Owner,5.0,74.0,kmpl,23.4,1248.0
,Maruti,2014.0,415000.0,46000.0,Petrol,Dealer,Manual,First Owner,5.0,67.04,kmpl,21.63,998.0
4222.0,Renault,2017.0,375000.0,20000.0,,,Automatic,First Owner,5.0,67.0,kmpl,22.0,999.0
4227.0,Hyundai,,291000.0,37000.0,,Dealer,Manual,First Owner,5.0,78.9,kmpl,20.36,1197.0
4228.0,Maruti,2017.0,600000.0,34000.0,Petrol,Dealer,,Second Owner,5.0,83.1,kmpl,21.4,
4230.0,Hyundai,2010.0,,50000.0,Petrol,Dealer,,,5.0,78.9,kmpl,20.36,1197.0
4235.0,Maruti,2013.0,390000.0,77000.0,Diesel,Dealer,Manual,First Owner,5.0,73.9,kmpl,21.1,1248.0
NAN,NAN,2010.0,85000.0,150000.0,Petrol,Individual,Manual,Third Owner,5.0,46.3,kmpl,19.7,796.0
4240.0,Hyundai,2012.0,150000.0,40000.0,Petrol,Individual,Manual,First Owner,5.0,55.2,kmpl,21.1,814.0
4242.0,Hyundai,2011.0,220000.0,70000.0,Petrol,Individual,Manual,Third Owner,5.0,78.9,kmpl,20.36,1197.0
4243.0,Hyundai,2017.0,957000.0,60000.0,Diesel,Individual,Manual,First Owner,5.0,88.7,kmpl,21.38,1396.0
4250.0,HYUNDAI,,170000.0,90000.0,Petrol,Individual,,Third Owner,,78.9,kmpl,20.36,1197.0
4252.0,Mahindra,2019.0,1200000.0,,Diesel,Individual,Manual,First Owner,5.0,115.0,kmpl,20.0,1497.0
4253.0,Hyundai,2019.0,834000.0,,Diesel,Individual,Manual,First Owner,,88.76,kmpl,22.54,1396.0
4255.0,Volkswagen,2014.0,575000.0,40000.0,,Individual,,Third Owner,5.0,88.8,kmpl,20.14,1498.0
4259.0,VOLKSWAGEN,2012.0,400000.0,100000.0,Diesel,Individual,Manual,,5.0,103.6,kmpl,20.54,1598.0
4260.0,Hyundai,,250000.0,,Petrol,,Manual,,5.0,68.05,,20.3,998.0
4263.0,Ford,2016.0,825000.0,35000.0,Diesel,Individual,Manual,Second Owner,,,kmpl,22.77,1498.0
4266.0,Maruti,2016.0,425000.0,,Diesel,Individual,Manual,First Owner,5.0,73.94,,23.2,
4269.0,Maruti,2009.0,240000.0,90000.0,,Individual,Manual,First Owner,5.0,73.9,,21.1,1248.0
4270.0,Hyundai,,1150000.0,,Diesel,Individual,Manual,First Owner,5.0,126.2,kmpl,19.67,
4271.0,Renault,2013.0,520000.0,109000.0,Diesel,,Manual,Second Owner,5.0,108.45,,19.64,1461.0
4276.0,Maruti,2016.0,380000.0,39000.0,Petrol,Individual,,Third Owner,5.0,67.04,kmpl,20.51,998.0
4278.0,Volkswagen,2014.0,575000.0,90000.0,Diesel,Individual,Manual,First Owner,5.0,103.6,kmpl,20.54,1598.0
4285.0,Hyundai,2009.0,142000.0,110000.0,Petrol,Individual,Manual,First Owner,5.0,78.9,kmpl,20.36,1197.0
4289.0,Maruti,2013.0,430000.0,190000.0,Diesel,Individual,Manual,Second Owner,,74.0,kmpl,23.4,1248.0
nan,Hyundai,2019.0,509999.0,40000.0,Petrol,Individual,Manual,First Owner,5.0,81.86,kmpl,,1197.0
,Hyundai,2016.0,616000.0,,Diesel,Individual,Manual,First Owner,5.0,88.73,kmpl,22.54,1396.0
4300.0,Hyundai,2014.0,225000.0,60000.0,Petrol,Individual,,Second Owner,,78.9,kmpl,20.36,1197.0
4308.0,Hyundai,,129000.0,80000.0,Petrol,Individual,Manual,Second Owner,5.0,55.2,kmpl,21.1,814.0
4313.0,Ford,2012.0,,60000.0,Diesel,Individual,Manual,First Owner,5.0,68.0,kmpl,20.0,1399.0
4316.0,HYUNDAI,2012.0,459999.0,70000.0,Diesel,Individual,Manual,First Owner,5.0,126.32,kmpl,22.32,1582.0
,Maruti,2009.0,115999.0,110000.0,Petrol,Individual,,Second Owner,5.0,46.3,kmpl,,796.0
4321.0,Ford,2019.0,1050000.0,,Diesel,Dealer,Manual,First Owner,5.0,98.96,kmpl,23.0,1498.0
4322.0,Hyundai,,750000.0,43000.0,Diesel,,Manual,First Owner,5.0,88.73,kmpl,22.54,1396.0
4323.0,,2018.0,730000.0,4773.0,Petrol,Dealer,Manual,First Owner,5.0,,kmpl,22.0,1197.0
4324.0,,2017.0,940000.0,,Diesel,Dealer,Manual,,7.0,98.6,kmpl,21.9,1498.0
4327.0,Maruti,2013.0,,,Petrol,Dealer,Manual,,5.0,81.8,kmpl,22.0,1197.0
4329.0,Volkswagen,nan,540000.0,66000.0,Diesel,Dealer,Manual,First Owner,,,kmpl,20.14,1498.0
4331.0,Maruti,2015.0,411000.0,23999.0,Petrol,Dealer,Automatic,First Owner,,67.04,kmpl,23.1,998.0
4333.0,Maruti,2012.0,350000.0,145000.0,Diesel,Individual,Manual,Third Owner,5.0,74.0,kmpl,22.9,1248.0
NAN,VOLKSWAGEN,2011.0,275000.0,125000.0,Diesel,Individual,Manual,Fourth & Above Owner,5.0,103.6,kmpl,20.54,1598.0
4345.0,Volkswagen,2011.0,280000.0,131000.0,Diesel,Individual,Manual,Fourth & Above Owner,5.0,103.6,kmpl,20.54,
,Maruti,,700000.0,45000.0,Petrol,Individual,Automatic,First Owner,5.0,81.8,kmpl,,1197.0
4359.0,Maruti,2018.0,459999.0,50000.0,Petrol,Individual,Manual,,5.0,67.0,,21.63,998.0
4360.0,Hyundai,2018.0,800000.0,,Diesel,Individual,Manual,First Owner,5.0,88.73,kmpl,22.54,1396.0
4361.0,Maruti,2017.0,370000.0,25000.0,CNG,Individual,Manual,First Owner,5.0,61.7,,21.94,1196.0
4363.0,Renault,2013.0,290000.0,90000.0,Diesel,Individual,Manual,First Owner,5.0,63.12,kmpl,23.08,
4366.0,Maruti,,141000.0,15000.0,Petrol,Individual,Manual,,5.0,46.3,kmpl,19.7,796.0
4367.0,Maruti,2009.0,125000.0,70000.0,Petrol,Individual,,,5.0,46.3,kmpl,19.7,796.0
4371.0,HYUNDAI,2017.0,700000.0,40000.0,Diesel,Individual,Manual,First Owner,5.0,88.73,kmpl,22.54,
4372.0,Hyundai,2017.0,700000.0,70000.0,Diesel,Individual,Manual,First Owner,5.0,88.73,kmpl,22.54,1396.0
4375.0,Hyundai,2018.0,1150000.0,35000.0,Diesel,Individual,Manual,First Owner,5.0,126.2,kmpl,22.0,1582.0
4377.0,Renault,2015.0,,110000.0,Diesel,Individual,Manual,First Owner,5.0,84.8,kmpl,21.64,
4380.0,Maruti,2007.0,130000.0,90000.0,Petrol,Individual,Manual,Second Owner,5.0,46.3,kmpl,19.7,796.0
,Hyundai,2011.0,270000.0,,Diesel,Individual,Manual,Second Owner,,90.0,kmpl,21.9,1396.0
4384.0,Hyundai,2013.0,375000.0,40000.0,Petrol,Individual,Manual,First Owner,5.0,78.9,kmpl,20.36,1197.0
4387.0,Maruti,,425000.0,80000.0,Diesel,Individual,,Second Owner,5.0,73.94,kmpl,23.2,1248.0
4388.0,Ford,2018.0,900000.0,25000.0,Diesel,Individual,Manual,First Owner,5.0,98.96,kmpl,23.0,1498.0
4391.0,Ford,2011.0,229999.0,40000.0,Diesel,Individual,Manual,Second Owner,5.0,68.0,kmpl,20.0,1399.0
4392.0,Ford,2012.0,300000.0,70000.0,Diesel,Individual,Manual,First Owner,5.0,68.0,kmpl,20.0,1399.0
4393.0,Maruti,2010.0,220000.0,110000.0,Diesel,Individual,Manual,Third Owner,5.0,73.9,kmpl,21.1,1248.0
4401.0,Volkswagen,2015.0,550000.0,90000.0,Diesel,Individual,Manual,First Owner,5.0,88.8,kmpl,20.14,1498.0
4406.0,Hyundai,2010.0,350000.0,148000.0,Diesel,Individual,Manual,Second Owner,5.0,90.0,kmpl,,1396.0
4407.0,Tata,2015.0,250000.0,155000.0,Diesel,Individual,Manual,Second Owner,5.0,74.0,kmpl,,1248.0
4410.0,Hyundai,2015.0,300000.0,45000.0,Petrol,Individual,,First Owner,5.0,55.2,kmpl,21.1,814.0
4413.0,Hyundai,2014.0,250000.0,20000.0,Petrol,Individual,Manual,,5.0,55.2,kmpl,21.1,814.0
4415.0,Maruti,2013.0,335000.0,90000.0,Diesel,Individual,Manual,Second Owner,5.0,74.0,kmpl,22.9,1248.0
4416.0,Maruti,2016.0,488000.0,80000.0,Petrol,Individual,Manual,,5.0,,kmpl,20.85,1197.0
4419.0,Maruti,2020.0,570000.0,,Petrol,Individual,Manual,First Owner,5.0,81.8,kmpl,21.21,1197.0
4422.0,Hyundai,2014.0,229999.0,70000.0,Petrol,Individual,Manual,,5.0,55.2,kmpl,21.1,814.0
4426.0,MARUTI,,620000.0,130000.0,Diesel,Individual,Manual,First Owner,7.0,88.8,kmpl,20.77,1248.0
4427.0,MARUTI,2013.0,,188000.0,Diesel,Individual,Manual,Second Owner,5.0,74.0,kmpl,22.9,1248.0
4430.0,Maruti,2008.0,110000.0,48676.0,Petrol,Individual,Manual,First Owner,8.0,35.0,kmpl,19.7,796.0
4432.0,Maruti,2007.0,100000.0,70000.0,Petrol,Individual,Manual,First Owner,5.0,46.3,kmpl,19.7,796.0
4434.0,Ford,2017.0,900000.0,,Diesel,Individual,Manual,First Owner,,98.59,kmpl,22.77,1498.0
4435.0,Toyota,2017.0,650000.0,120000.0,Diesel,Individual,Manual,Second Owner,5.0,67.04,kmpl,23.59,1364.0
4438.0,Renault,2013.0,475000.0,250000.0,,Individual,Manual,First Owner,5.0,83.8,kmpl,20.46,1461.0
4439.0,Hyundai,2019.0,425000.0,15000.0,Petrol,Individual,Manual,First Owner,5.0,68.0,kmpl,20.3,1086.0
4443.0,Maruti,2016.0,400000.0,30000.0,Petrol,,Manual,,5.0,67.04,kmpl,20.51,998.0
4447.0,Hyundai,2011.0,,153000.0,Diesel,Individual,Manual,First Owner,5.0,126.32,kmpl,22.32,1582.0
nan,Maruti,2013.0,475000.0,149000.0,Diesel,Individual,,,5.0,74.0,kmpl,23.4,1248.0
4452.0,Maruti,2012.0,380000.0,,Diesel,Individual,Manual,Fourth & Above Owner,5.0,88.8,kmpl,21.5,1248.0
4453.0,Maruti,2018.0,535000.0,12000.0,Petrol,Individual,Manual,First Owner,5.0,81.8,kmpl,20.89,1197.0
4454.0,,2011.0,215000.0,,Petrol,Individual,Manual,Second Owner,,78.9,kmpl,20.36,1197.0
,Maruti,2015.0,,120000.0,Petrol,,Manual,First Owner,5.0,67.04,kmpl,20.51,998.0
4469.0,Maruti,2013.0,,,Diesel,Individual,Manual,Second Owner,5.0,74.0,kmpl,23.4,1248.0
4474.0,Ford,2011.0,,70000.0,Diesel,Individual,Manual,Second Owner,5.0,68.0,kmpl,20.0,1399.0
4477.0,Maruti,2012.0,145000.0,70000.0,Petrol,Individual,Manual,First Owner,5.0,,kmpl,,796.0
4478.0,Volkswagen,2018.0,681000.0,27000.0,Diesel,Individual,Manual,First Owner,5.0,88.0,kmpl,20.14,1498.0
,Maruti,2010.0,140000.0,,Petrol,Individual,Manual,Second Owner,5.0,,kmpl,19.7,796.0
4483.0,Maruti,2007.0,110000.0,120000.0,Petrol,Individual,Manual,Third Owner,5.0,46.3,kmpl,19.7,
4485.0,Tata,2014.0,225000.0,120000.0,Diesel,Individual,Manual,First Owner,5.0,74.0,kmpl,22.3,1248.0
4488.0,Maruti,2012.0,135000.0,70000.0,Petrol,Individual,Manual,First Owner,5.0,46.3,kmpl,19.7,796.0
4489.0,Maruti,2006.0,65000.0,100000.0,Petrol,Individual,Manual,Second Owner,,46.3,kmpl,19.7,796.0
4491.0,Maruti,,465000.0,120000.0,Diesel,Individual,Manual,Second Owner,5.0,74.0,kmpl,23.4,
4498.0,Maruti,nan,545000.0,35000.0,CNG,Individual,Manual,First Owner,7.0,80.9,km/kg,22.8,1373.0
4510.0,Chevrolet,2013.0,295000.0,50000.0,Diesel,Individual,Manual,First Owner,5.0,76.9,kmpl,22.1,
4512.0,,2013.0,700000.0,76460.0,Diesel,Individual,Manual,First Owner,,126.32,kmpl,22.32,1582.0
4513.0,,2011.0,180000.0,125000.0,Diesel,Individual,,Second Owner,,68.0,kmpl,20.0,1399.0
4514.0,Mahindra,2012.0,225000.0,110000.0,Diesel,Individual,,Second Owner,,65.0,kmpl,20.8,1461.0
4515.0,Hyundai,2017.0,310000.0,25000.0,,Individual,Manual,First Owner,5.0,55.2,kmpl,21.1,814.0
4518.0,Hyundai,2013.0,245000.0,110000.0,Petrol,Individual,Manual,Second Owner,5.0,,kmpl,19.81,1086.0
4520.0,Hyundai,2014.0,250000.0,80000.0,Petrol,Individual,Manual,First Owner,5.0,55.2,kmpl,21.1,814.0
4525.0,Ford,2015.0,551000.0,110000.0,Diesel,Individual,Manual,First Owner,5.0,98.59,kmpl,22.77,1498.0
4526.0,Hyundai,2019.0,500000.0,60000.0,Petrol,Individual,Manual,First Owner,,81.86,,20.14,1197.0
4529.0,HYUNDAI,2012.0,360000.0,100000.0,Diesel,Individual,,Second Owner,5.0,,,22.32,
4531.0,Ford,2018.0,700000.0,53000.0,Diesel,Individual,Manual,First Owner,5.0,98.96,kmpl,23.0,
4532.0,Maruti,2011.0,148000.0,,Petrol,Individual,,Third Owner,5.0,,kmpl,19.7,796.0
4533.0,Maruti,,330000.0,47370.0,CNG,Individual,Manual,First Owner,5.0,63.0,km/kg,21.94,1196.0
4536.0,,2011.0,200000.0,91000.0,Petrol,Individual,Manual,,5.0,78.9,kmpl,20.36,
4539.0,Maruti,,245000.0,80000.0,Diesel,Individual,Manual,First Owner,5.0,73.94,kmpl,23.2,1248.0
4540.0,Maruti,nan,320000.0,,CNG,Individual,Manual,First Owner,,61.7,km/kg,21.94,1196.0
4542.0,HYUNDAI,2013.0,615000.0,120000.0,Diesel,Individual,Manual,First Owner,5.0,126.24,kmpl,22.7,1582.0
4550.0,Maruti,2011.0,130000.0,60000.0,Petrol,Individual,Manual,Third Owner,5.0,46.3,kmpl,19.7,796.0
4552.0,Volkswagen,2011.0,220000.0,222300.0,Diesel,Individual,Manual,First Owner,5.0,73.9,kmpl,22.07,1199.0
4554.0,Maruti,2013.0,295000.0,120000.0,Diesel,,Manual,First Owner,5.0,73.94,kmpl,23.2,1248.0
4557.0,Maruti,2017.0,509999.0,20000.0,Petrol,,Manual,First Owner,5.0,,kmpl,22.0,1197.0
4561.0,Hyundai,,350000.0,20000.0,Petrol,Individual,,First Owner,5.0,68.05,kmpl,19.81,1086.0
4562.0,Renault,2018.0,395000.0,20000.0,Petrol,Individual,,First Owner,5.0,67.0,kmpl,23.01,999.0
4565.0,Volkswagen,2012.0,280000.0,120000.0,Diesel,Individual,Manual,Second Owner,5.0,,,20.54,1598.0
4567.0,Hyundai,2012.0,420000.0,100000.0,,Individual,Manual,Second Owner,5.0,126.32,kmpl,22.32,1582.0
4570.0,Maruti,2013.0,300000.0,100000.0,Diesel,Individual,Manual,Second Owner,5.0,73.94,kmpl,23.2,
4572.0,Maruti,2013.0,350000.0,185000.0,Diesel,Individual,Manual,First Owner,5.0,74.0,kmpl,23.4,1248.0
4577.0,Maruti,2012.0,,140000.0,Diesel,,Manual,First Owner,7.0,88.76,kmpl,20.77,1248.0
4582.0,Renault,2018.0,360000.0,21900.0,Petrol,Dealer,Manual,First Owner,5.0,53.26,kmpl,20.71,799.0
4585.0,Hyundai,2016.0,700000.0,100000.0,Diesel,Individual,,First Owner,5.0,88.73,,,1396.0
4596.0,Maruti,2015.0,400000.0,22500.0,,Individual,Manual,First Owner,5.0,67.04,kmpl,20.51,998.0
4601.0,Maruti,,325000.0,175000.0,Diesel,Individual,Manual,,5.0,88.8,kmpl,21.5,1248.0
4605.0,Hyundai,2014.0,645000.0,150360.0,Diesel,Individual,Manual,First Owner,5.0,126.32,kmpl,22.32,1582.0
4610.0,Maruti,2011.0,180000.0,70000.0,Petrol,,Manual,First Owner,5.0,67.1,,20.92,998.0
4614.0,MARUTI,,450000.0,120000.0,Diesel,Individual,Manual,Second Owner,7.0,88.76,kmpl,20.77,
4617.0,Maruti,,390000.0,90000.0,Diesel,Individual,Manual,Second Owner,,74.0,kmpl,22.9,1248.0
4618.0,Maruti,2011.0,122000.0,110000.0,Petrol,Individual,Manual,Fourth & Above Owner,5.0,46.3,kmpl,19.7,796.0
,Hyundai,2012.0,330000.0,40000.0,Diesel,Individual,Manual,Second Owner,5.0,90.0,kmpl,23.0,1396.0
4622.0,Hyundai,2011.0,215000.0,100000.0,Petrol,Individual,Manual,Third Owner,5.0,78.9,kmpl,20.36,1197.0
4624.0,Hyundai,2013.0,250000.0,42130.0,,Individual,Manual,First Owner,5.0,55.2,kmpl,21.1,814.0
4625.0,Maruti,2010.0,180000.0,53000.0,Petrol,Individual,Manual,Second Owner,5.0,85.8,kmpl,21.1,1197.0
4628.0,Maruti,2019.0,556000.0,10000.0,,Individual,Manual,First Owner,5.0,81.8,kmpl,21.01,1197.0
4629.0,Maruti,2016.0,550000.0,37000.0,Petrol,Individual,Manual,First Owner,5.0,83.14,kmpl,20.85,1197.0
4634.0,,2017.0,1125000.0,47000.0,,Individual,Manual,Second Owner,5.0,126.2,kmpl,19.67,1582.0
4637.0,Tata,2015.0,450000.0,57000.0,Diesel,Individual,Manual,First Owner,,,kmpl,23.0,1248.0
4639.0,Maruti,2014.0,470000.0,60000.0,Diesel,Individual,Manual,First Owner,5.0,74.0,,23.4,1248.0
4641.0,Hyundai,2015.0,550000.0,,Diesel,Individual,Manual,First Owner,5.0,88.73,,22.54,
4644.0,Hyundai,2015.0,550000.0,,Diesel,Individual,,Second Owner,5.0,88.73,kmpl,22.54,1396.0
4646.0,Volkswagen,2013.0,280000.0,90000.0,Diesel,,Manual,Third Owner,5.0,73.9,kmpl,22.07,1199.0
4650.0,,2013.0,225000.0,75000.0,Petrol,Individual,Manual,Second Owner,5.0,55.2,,21.1,814.0
4653.0,VOLKSWAGEN,2017.0,,,Diesel,,Manual,First Owner,,108.495,kmpl,22.0,1498.0
4657.0,Ford,2015.0,550000.0,138000.0,,Individual,,First Owner,5.0,98.59,kmpl,22.77,1498.0
4660.0,,2013.0,475000.0,125000.0,Diesel,Individual,Manual,Third Owner,5.0,126.3,kmpl,22.32,1582.0
4662.0,Maruti,2013.0,385000.0,,Diesel,Individual,Manual,Second Owner,5.0,74.0,kmpl,23.4,1248.0
4664.0,RENAULT,2012.0,450000.0,80000.0,Diesel,Individual,Manual,First Owner,5.0,83.8,kmpl,19.87,
4666.0,Hyundai,2013.0,580000.0,80000.0,Diesel,Individual,Manual,Second Owner,5.0,,kmpl,22.32,1582.0
4667.0,Toyota,2017.0,550000.0,40000.0,Diesel,Individual,Manual,First Owner,5.0,67.05,kmpl,23.59,1364.0
4672.0,Hyundai,2017.0,340000.0,30000.0,Petrol,Individual,Manual,,5.0,55.2,kmpl,21.1,
4673.0,Hyundai,,1237000.0,46000.0,Diesel,Individual,Manual,First Owner,,126.2,kmpl,19.67,1582.0
4674.0,Volkswagen,2013.0,350000.0,70000.0,Diesel,Individual,Manual,,5.0,73.9,,22.07,1199.0
4676.0,Maruti,2018.0,,40000.0,Petrol,Individual,Manual,First Owner,5.0,81.8,kmpl,22.0,1197.0
4677.0,Maruti,2015.0,270000.0,40000.0,Petrol,Individual,Manual,First Owner,5.0,47.3,kmpl,22.74,796.0
4680.0,Maruti,2017.0,635000.0,120000.0,Petrol,Individual,Automatic,,5.0,81.8,kmpl,21.21,1197.0
4682.0,,,265000.0,67000.0,Diesel,Individual,Manual,Second Owner,5.0,63.12,kmpl,,1461.0
4683.0,Maruti,2014.0,600000.0,50000.0,Diesel,Individual,Manual,First Owner,5.0,74.0,kmpl,23.4,1248.0
4684.0,HYUNDAI,2012.0,409999.0,100000.0,Diesel,Individual,Manual,Second Owner,5.0,126.3,kmpl,22.32,1582.0
4685.0,Toyota,2015.0,525000.0,80000.0,Diesel,Individual,Manual,Second Owner,5.0,67.05,kmpl,23.59,1364.0
4690.0,,,690000.0,65000.0,Diesel,Individual,Manual,Second Owner,7.0,83.8,kmpl,21.04,1461.0
4691.0,Maruti,2012.0,560000.0,,,Individual,Manual,Second Owner,7.0,88.76,kmpl,20.77,1248.0
,Renault,2017.0,695000.0,65000.0,Diesel,Individual,Manual,Second Owner,7.0,83.8,kmpl,21.04,1461.0
,Maruti,2012.0,200000.0,50000.0,Petrol,Individual,Manual,Second Owner,5.0,46.3,,19.7,796.0
4702.0,Hyundai,2014.0,240000.0,70000.0,,Individual,Manual,First Owner,5.0,55.2,kmpl,21.1,814.0
4707.0,Hyundai,,215000.0,40000.0,Petrol,Individual,Manual,First Owner,5.0,55.2,kmpl,21.1,
4708.0,Renault,,330000.0,,Petrol,Individual,,,5.0,67.0,kmpl,23.01,999.0
4711.0,Hyundai,2012.0,549000.0,66657.0,Diesel,Dealer,Automatic,First Owner,5.0,126.32,kmpl,22.32,
4718.0,Hyundai,2011.0,262000.0,56389.0,Petrol,Dealer,Manual,First Owner,5.0,78.9,kmpl,20.36,1197.0
4724.0,Tata,2018.0,535000.0,30000.0,Petrol,Individual,Manual,First Owner,5.0,84.0,kmpl,20.3,1199.0
4730.0,TATA,2012.0,229999.0,186000.0,Diesel,Individual,Manual,First Owner,,70.0,kmpl,23.57,1396.0
4735.0,Hyundai,2010.0,142000.0,49200.0,Petrol,Individual,Manual,Second Owner,5.0,68.05,kmpl,19.81,1086.0
4740.0,Hyundai,2016.0,,110000.0,Diesel,Individual,Manual,First Owner,5.0,126.2,kmpl,19.67,1582.0
4748.0,Maruti,2009.0,125000.0,141000.0,,Individual,Manual,Second Owner,5.0,46.3,kmpl,,
4751.0,Maruti,2014.0,459999.0,65000.0,Diesel,Individual,,Second Owner,5.0,,kmpl,23.4,1248.0
4752.0,MARUTI,2014.0,434999.0,110000.0,Diesel,Individual,Manual,Second Owner,5.0,74.0,kmpl,23.4,1248.0
4756.0,Hyundai,2016.0,780000.0,35000.0,Diesel,Individual,Manual,First Owner,5.0,88.73,kmpl,22.54,1396.0
4757.0,Maruti,2008.0,,195000.0,Petrol,Individual,Manual,Second Owner,5.0,46.3,kmpl,,796.0
4758.0,Hyundai,2017.0,650000.0,60000.0,Diesel,Individual,,First Owner,5.0,88.73,kmpl,22.54,1396.0
4760.0,Hyundai,2012.0,425000.0,100000.0,Diesel,,Manual,Second Owner,5.0,,kmpl,22.32,1582.0
4762.0,,2016.0,459999.0,,Petrol,Individual,Manual,First Owner,,67.04,,23.1,998.0
4763.0,Maruti,,,,Petrol,Individual,Manual,First Owner,5.0,81.8,kmpl,21.21,1197.0
4764.0,Maruti,2012.0,,110000.0,Diesel,Individual,Manual,Second Owner,7.0,88.76,kmpl,20.77,1248.0
4767.0,MAHINDRA,2014.0,250000.0,110000.0,Diesel,Individual,Manual,First Owner,5.0,65.0,kmpl,20.8,1461.0
4769.0,Maruti,2014.0,,60000.0,Diesel,Individual,,Second Owner,7.0,88.8,kmpl,20.77,1248.0
4770.0,Maruti,,680000.0,64000.0,Diesel,Individual,Manual,Second Owner,7.0,88.8,kmpl,20.77,1248.0
4771.0,,2014.0,500000.0,120000.0,Diesel,Individual,Manual,First Owner,5.0,83.8,,20.45,1461.0
,Renault,2014.0,520000.0,,Diesel,Individual,Manual,First Owner,5.0,83.8,kmpl,20.45,1461.0
4774.0,Mahindra,2019.0,1200000.0,15000.0,Diesel,Individual,,First Owner,5.0,115.0,kmpl,20.0,1497.0
4779.0,Hyundai,2009.0,160000.0,35000.0,,Individual,Manual,First Owner,5.0,68.05,kmpl,19.81,1086.0
4784.0,Hyundai,2012.0,250000.0,44588.0,Petrol,Dealer,Manual,First Owner,5.0,55.2,kmpl,21.1,814.0
4785.0,,2015.0,400000.0,49907.0,Petrol,Dealer,,,5.0,67.04,kmpl,21.63,998.0
4786.0,Maruti,2013.0,,67082.0,Petrol,Dealer,Manual,,5.0,81.8,kmpl,21.21,1197.0
4787.0,,2016.0,570000.0,112879.0,Diesel,Dealer,Manual,Second Owner,,,kmpl,23.0,
4792.0,Maruti,2017.0,350000.0,20000.0,,Individual,,Second Owner,5.0,67.04,kmpl,23.1,998.0
4794.0,Renault,2016.0,,30000.0,Petrol,Individual,Manual,Third Owner,5.0,67.0,kmpl,,999.0
4795.0,Hyundai,2013.0,235000.0,40000.0,Petrol,Individual,Manual,Second Owner,5.0,55.2,kmpl,21.1,814.0
4796.0,Maruti,2016.0,500000.0,,Petrol,Individual,Manual,First Owner,5.0,81.8,kmpl,20.4,1197.0
4797.0,,2012.0,220000.0,111000.0,Petrol,Individual,Manual,,5.0,46.3,kmpl,,796.0
4798.0,,2014.0,380000.0,70000.0,Diesel,Individual,Manual,Second Owner,5.0,74.0,kmpl,23.4,1248.0
4799.0,MARUTI,2010.0,160000.0,100000.0,Petrol,Individual,Manual,Third Owner,5.0,,kmpl,20.92,998.0
4800.0,Hyundai,2017.0,339000.0,25000.0,Petrol,Individual,Manual,First Owner,5.0,68.05,kmpl,20.3,998.0
4807.0,MARUTI,2014.0,350000.0,15000.0,Petrol,Individual,Manual,First Owner,5.0,67.04,kmpl,20.51,998.0
4809.0,Maruti,2018.0,580000.0,10000.0,Petrol,Individual,,First Owner,5.0,67.04,kmpl,23.1,
4810.0,Hyundai,2015.0,1000000.0,70000.0,Diesel,Individual,Manual,,5.0,126.2,kmpl,,1582.0
4811.0,,2017.0,459999.0,80000.0,Diesel,,Manual,First Owner,,74.0,kmpl,22.95,1248.0
4813.0,HYUNDAI,2014.0,650000.0,83000.0,Diesel,Individual,Manual,Third Owner,5.0,126.32,kmpl,22.32,1582.0
4814.0,Maruti,2013.0,525000.0,116000.0,Diesel,Individual,Manual,Second Owner,5.0,74.0,kmpl,23.4,1248.0
4821.0,Volkswagen,2015.0,,120000.0,Diesel,Individual,Manual,Second Owner,5.0,103.2,kmpl,20.34,1498.0
4822.0,MARUTI,2010.0,165000.0,20000.0,,Individual,Manual,First Owner,5.0,46.3,kmpl,19.7,796.0
4823.0,Hyundai,2014.0,210000.0,70000.0,Petrol,Individual,,,,55.2,kmpl,21.1,814.0
4824.0,RENAULT,2016.0,650000.0,30000.0,Diesel,Individual,Manual,First Owner,5.0,,kmpl,19.64,
,Renault,2019.0,390000.0,25000.0,Petrol,Individual,Manual,First Owner,5.0,67.0,kmpl,23.01,999.0
4829.0,Hyundai,2008.0,130000.0,120000.0,Petrol,Individual,Manual,Second Owner,5.0,68.05,kmpl,19.81,
4835.0,Hyundai,,270000.0,26442.0,Petrol,Individual,Manual,First Owner,5.0,68.05,,20.3,998.0
,Maruti,2010.0,130000.0,28000.0,Petrol,Individual,Manual,Second Owner,5.0,46.3,kmpl,,796.0
4838.0,Maruti,2015.0,650000.0,80000.0,Diesel,,Manual,First Owner,7.0,88.8,,20.77,1248.0
4839.0,Maruti,,55000.0,39000.0,Petrol,Individual,Manual,,5.0,46.3,kmpl,19.7,796.0
4840.0,Maruti,2017.0,475000.0,20000.0,Petrol,Individual,Automatic,First Owner,5.0,67.0,kmpl,20.51,998.0
,Maruti,2019.0,650000.0,,Petrol,Individual,,First Owner,5.0,81.8,kmpl,22.0,1197.0
4844.0,MARUTI,2015.0,440000.0,30000.0,Petrol,Individual,Manual,First Owner,5.0,81.8,kmpl,20.4,1197.0
4850.0,Maruti,2020.0,600000.0,5000.0,Petrol,Individual,Manual,First Owner,5.0,81.8,kmpl,21.21,1197.0
4857.0,Ford,2011.0,204999.0,147000.0,Diesel,Individual,Manual,First Owner,5.0,68.0,kmpl,20.0,1399.0
4859.0,Hyundai,2009.0,310000.0,120000.0,Diesel,Individual,Manual,Second Owner,,90.0,kmpl,23.0,1396.0
4865.0,Maruti,2005.0,110000.0,50800.0,Petrol,Dealer,Manual,Second Owner,5.0,,kmpl,19.7,796.0
4871.0,Maruti,2019.0,595000.0,14548.0,Petrol,Dealer,Manual,First Owner,5.0,81.8,kmpl,21.21,1197.0
4872.0,Ford,2018.0,900000.0,44772.0,Diesel,Dealer,Manual,,5.0,,kmpl,23.0,1498.0
4879.0,Hyundai,2017.0,975000.0,41000.0,Diesel,Dealer,Manual,First Owner,5.0,126.2,,20.5,1582.0
4881.0,Maruti,2016.0,,,Diesel,Dealer,Manual,First Owner,7.0,88.8,kmpl,20.77,1248.0
4882.0,Maruti,2013.0,550000.0,65000.0,Diesel,Dealer,Manual,First Owner,7.0,88.76,kmpl,20.77,
4883.0,Hyundai,2014.0,550000.0,76000.0,,Dealer,Manual,First Owner,5.0,,kmpl,22.54,
4888.0,Maruti,2017.0,625000.0,70000.0,Diesel,Dealer,Manual,First Owner,5.0,74.0,kmpl,23.4,1248.0
4889.0,Maruti,2014.0,470000.0,89000.0,Diesel,Dealer,Manual,First Owner,5.0,74.0,kmpl,22.9,1248.0
4892.0,Maruti,2013.0,380000.0,57000.0,Diesel,Individual,Manual,First Owner,5.0,74.0,kmpl,22.9,1248.0
4894.0,Hyundai,2016.0,275000.0,49200.0,Petrol,,Manual,First Owner,5.0,55.2,kmpl,21.1,814.0
4896.0,HYUNDAI,2008.0,200000.0,60000.0,Petrol,Individual,Manual,Second Owner,5.0,68.05,kmpl,19.81,
4898.0,Maruti,2004.0,90000.0,110000.0,Petrol,Individual,Manual,Third Owner,5.0,,kmpl,19.7,796.0
,Maruti,2018.0,385000.0,50000.0,Petrol,Individual,Manual,First Owner,5.0,67.04,kmpl,23.1,998.0
4909.0,Hyundai,2019.0,521000.0,3010.0,Petrol,,Automatic,First Owner,5.0,,kmpl,20.3,1086.0
4910.0,Tata,2010.0,,80000.0,,Individual,Manual,,5.0,88.8,kmpl,21.12,1248.0
4914.0,Maruti,2007.0,140000.0,35000.0,Petrol,Individual,Manual,Second Owner,5.0,46.3,kmpl,19.7,796.0
4916.0,FORD,,650000.0,110000.0,Diesel,Individual,Manual,Second Owner,5.0,98.59,kmpl,22.77,1498.0
4924.0,Maruti,2016.0,620000.0,36000.0,Petrol,Individual,Manual,First Owner,,,kmpl,,1197.0
4927.0,Ford,2018.0,,30000.0,Diesel,Individual,Manual,Second Owner,5.0,98.96,,23.0,1498.0
4930.0,Tata,2017.0,400000.0,85000.0,Diesel,Individual,Manual,First Owner,5.0,88.7,,,1248.0
4931.0,,2014.0,300000.0,60000.0,Petrol,,,Second Owner,5.0,67.04,kmpl,20.51,998.0
4932.0,Maruti,2015.0,170000.0,20000.0,Petrol,Individual,Manual,Third Owner,5.0,47.3,kmpl,22.74,796.0
4938.0,Maruti,2005.0,80000.0,90000.0,Petrol,Individual,Automatic,Second Owner,5.0,46.3,kmpl,19.7,796.0
4940.0,Volkswagen,2011.0,225000.0,90000.0,Diesel,Individual,Manual,First Owner,5.0,103.6,kmpl,20.54,1598.0
4943.0,Hyundai,2017.0,509999.0,90000.0,,Individual,Manual,,5.0,81.86,,20.14,1197.0
4944.0,MARUTI,2015.0,245000.0,36710.0,Petrol,Individual,Manual,,5.0,47.3,kmpl,22.74,796.0
4947.0,,2014.0,370000.0,30000.0,Diesel,Individual,Manual,First Owner,5.0,73.94,kmpl,23.2,1248.0
4949.0,Maruti,2017.0,580000.0,20000.0,Petrol,,Manual,First Owner,,83.1,kmpl,21.4,1197.0
4956.0,Maruti,2013.0,185000.0,85000.0,Petrol,Individual,Manual,First Owner,5.0,47.3,kmpl,,
4957.0,MARUTI,2018.0,625000.0,50000.0,Petrol,Individual,Automatic,First Owner,5.0,81.8,kmpl,22.0,1197.0
,Maruti,2017.0,390000.0,25000.0,Petrol,Individual,Manual,First Owner,5.0,67.04,kmpl,20.51,998.0
4962.0,Hyundai,2011.0,380000.0,,Diesel,Individual,Manual,Fourth & Above Owner,5.0,90.0,,23.0,1396.0
4966.0,Maruti,2013.0,210000.0,50000.0,Petrol,Individual,Manual,,5.0,,kmpl,22.74,796.0
4967.0,MARUTI,,270000.0,80000.0,Diesel,Individual,Manual,Third Owner,5.0,73.94,kmpl,,
4969.0,Hyundai,2014.0,220000.0,93000.0,Petrol,Individual,Manual,Second Owner,5.0,55.2,kmpl,21.1,814.0
4976.0,Hyundai,,280000.0,60000.0,Petrol,Individual,,First Owner,5.0,55.2,,21.1,814.0
4979.0,Hyundai,2018.0,720000.0,50000.0,Diesel,Individual,Manual,,5.0,88.73,kmpl,,1396.0
4980.0,Ford,2017.0,800000.0,60000.0,Diesel,Individual,Manual,First Owner,5.0,98.59,kmpl,22.77,1498.0
4981.0,,2012.0,265000.0,20000.0,Petrol,Individual,Manual,Third Owner,5.0,68.05,kmpl,19.81,1086.0
,Maruti,2010.0,,90000.0,Petrol,Individual,Manual,Third Owner,5.0,,kmpl,19.7,796.0
4985.0,,2012.0,450000.0,72000.0,Diesel,,Manual,Second Owner,5.0,126.32,kmpl,22.32,1582.0
4990.0,Volkswagen,2012.0,350000.0,,,,Manual,Second Owner,5.0,73.9,kmpl,22.07,1199.0
4991.0,Maruti,,85000.0,,Petrol,,Manual,Second Owner,5.0,,kmpl,19.7,796.0
4992.0,MARUTI,2016.0,290000.0,15000.0,Petrol,Individual,Manual,First Owner,,47.3,kmpl,,796.0
4995.0,Maruti,2003.0,65000.0,114000.0,Petrol,Individual,Manual,First Owner,5.0,,kmpl,,796.0
4999.0,Maruti,2020.0,265000.0,70000.0,Petrol,Individual,Manual,Second Owner,5.0,67.05,kmpl,21.79,
5000.0,Tata,2018.0,459999.0,50000.0,,Individual,Manual,First Owner,5.0,,kmpl,20.3,
5002.0,Maruti,2013.0,395000.0,,Diesel,Individual,Manual,Second Owner,5.0,74.0,kmpl,23.4,
5005.0,Maruti,2011.0,290000.0,110000.0,Diesel,Individual,Manual,Second Owner,5.0,73.9,kmpl,21.1,1248.0
5011.0,Volkswagen,2014.0,300000.0,84000.0,Diesel,,,Second Owner,5.0,88.5,kmpl,20.14,1498.0
5014.0,HYUNDAI,2011.0,200000.0,60000.0,Petrol,Individual,Manual,Second Owner,5.0,78.9,kmpl,20.36,
5022.0,Maruti,2014.0,465000.0,90000.0,Diesel,Individual,,First Owner,5.0,74.0,kmpl,23.4,1248.0
5023.0,Tata,2010.0,200000.0,188000.0,Diesel,Individual,Manual,Second Owner,5.0,88.8,kmpl,21.12,
5026.0,,2010.0,150000.0,123278.0,Petrol,Individual,Manual,Second Owner,5.0,78.9,kmpl,20.36,1197.0
5028.0,Hyundai,2015.0,,,Diesel,,Manual,First Owner,5.0,88.73,kmpl,21.19,1396.0
5029.0,Ford,2012.0,,110000.0,Diesel,Individual,Manual,First Owner,,68.0,kmpl,20.0,1399.0
5030.0,,2013.0,250000.0,110000.0,,Individual,,,,68.1,kmpl,20.0,
5031.0,Tata,2018.0,575000.0,70000.0,Diesel,,Manual,First Owner,5.0,88.7,kmpl,20.65,1248.0
5034.0,Maruti,2016.0,262000.0,50000.0,Petrol,Individual,Manual,,5.0,47.3,kmpl,22.74,796.0
5035.0,Hyundai,2018.0,,33000.0,Petrol,Individual,Manual,First Owner,5.0,55.2,kmpl,21.1,814.0
5036.0,Maruti,2015.0,250000.0,26500.0,,Individual,Manual,First Owner,5.0,47.3,kmpl,22.74,796.0
5038.0,Maruti,2013.0,360000.0,70000.0,,Individual,Manual,Third Owner,5.0,74.0,kmpl,23.4,1248.0
5039.0,Hyundai,2017.0,600000.0,60000.0,Diesel,Individual,Manual,First Owner,5.0,88.73,kmpl,22.54,1396.0
5040.0,VOLKSWAGEN,2011.0,300000.0,80000.0,Diesel,Individual,Manual,Second Owner,5.0,103.6,,,1598.0
5045.0,Hyundai,2012.0,185000.0,50000.0,Petrol,,Manual,Second Owner,5.0,55.2,kmpl,,814.0
5048.0,Renault,2017.0,360000.0,25000.0,Petrol,Individual,Manual,First Owner,5.0,67.0,kmpl,23.01,
5049.0,Maruti,,210000.0,70000.0,Petrol,Individual,Manual,First Owner,,67.1,kmpl,,
5051.0,Volkswagen,2016.0,560000.0,50000.0,Diesel,Individual,Manual,First Owner,5.0,88.7,kmpl,20.14,1498.0
5054.0,,2012.0,300000.0,90000.0,Diesel,Individual,Manual,First Owner,5.0,67.1,kmpl,23.59,1364.0
5058.0,Maruti,2015.0,270000.0,22000.0,Petrol,Individual,Manual,First Owner,5.0,47.3,kmpl,22.74,796.0
5060.0,Chevrolet,,200000.0,80000.0,Diesel,Individual,Manual,First Owner,5.0,76.9,kmpl,22.1,1248.0
5062.0,Tata,2018.0,860000.0,60000.0,Diesel,Individual,,First Owner,5.0,108.5,kmpl,21.5,1497.0
5064.0,MARUTI,2013.0,240000.0,142000.0,Diesel,Individual,Manual,Second Owner,,73.94,,23.2,
5066.0,Ford,2018.0,850000.0,90000.0,Diesel,Individual,Manual,First Owner,5.0,98.96,kmpl,23.0,1498.0
5067.0,Ford,2011.0,155000.0,80000.0,Diesel,Individual,Manual,Third Owner,5.0,68.0,kmpl,20.0,1399.0
5068.0,Hyundai,,270000.0,125000.0,Diesel,Individual,Manual,First Owner,5.0,90.0,,23.0,1396.0
5069.0,,2015.0,610000.0,33000.0,Petrol,Individual,Manual,First Owner,5.0,91.1,kmpl,20.73,1373.0
,Hyundai,2015.0,1000000.0,50000.0,Diesel,Individual,Manual,First Owner,5.0,,,19.67,
5074.0,MARUTI,2007.0,,60000.0,Petrol,Individual,Manual,,5.0,46.3,kmpl,19.7,
5076.0,Hyundai,2014.0,625000.0,70000.0,Diesel,Individual,Manual,Second Owner,5.0,126.32,kmpl,22.32,1582.0
5077.0,,,,70000.0,Diesel,Individual,Manual,Second Owner,5.0,73.94,,23.2,1248.0
5078.0,Maruti,2017.0,620000.0,18484.0,Petrol,Individual,Manual,First Owner,5.0,81.8,kmpl,20.89,1197.0
5080.0,Maruti,nan,180000.0,25000.0,,Individual,Manual,Second Owner,5.0,46.3,kmpl,,796.0
5081.0,Volkswagen,2013.0,250000.0,120000.0,Diesel,Individual,Manual,Third Owner,5.0,73.9,kmpl,22.07,1199.0
5082.0,MARUTI,2017.0,480000.0,55000.0,Petrol,Individual,,First Owner,5.0,83.14,kmpl,20.85,1197.0
5087.0,Hyundai,2012.0,380000.0,50000.0,Diesel,Individual,Manual,Second Owner,5.0,,kmpl,,1396.0
5089.0,Maruti,2004.0,90000.0,60000.0,Petrol,Individual,Manual,First Owner,5.0,46.3,,19.7,796.0
5090.0,Maruti,2016.0,330000.0,,Petrol,Individual,Manual,Second Owner,,67.04,kmpl,20.51,998.0
5094.0,Hyundai,2013.0,215000.0,47000.0,,Individual,Manual,Second Owner,5.0,55.2,,21.1,814.0
5097.0,,2013.0,,110000.0,Diesel,Individual,,Second Owner,5.0,88.76,kmpl,21.27,1396.0
5099.0,HYUNDAI,2012.0,400000.0,103655.0,Diesel,Individual,Manual,Second Owner,5.0,126.3,kmpl,22.32,1582.0
,Maruti,2008.0,120000.0,80000.0,Petrol,Individual,Manual,Third Owner,,46.3,kmpl,19.7,
5108.0,Ford,2015.0,550000.0,206000.0,Diesel,Dealer,Manual,First Owner,5.0,98.59,kmpl,22.77,1498.0
5109.0,Ford,2018.0,950000.0,27000.0,Diesel,Dealer,Manual,First Owner,5.0,98.59,kmpl,22.77,1498.0
5110.0,Ford,2014.0,500000.0,132000.0,Diesel,Dealer,Manual,Second Owner,,89.84,kmpl,22.7,
5113.0,Mahindra,2011.0,180000.0,218000.0,Diesel,Individual,Manual,First Owner,5.0,64.1,,21.0,1461.0
,Hyundai,2016.0,650000.0,10000.0,Diesel,Individual,Manual,First Owner,5.0,88.73,kmpl,22.54,1396.0
5116.0,Mahindra,2011.0,210000.0,215000.0,Diesel,Individual,Manual,First Owner,5.0,64.1,kmpl,21.0,1461.0
5118.0,Volkswagen,2011.0,295000.0,65000.0,Diesel,Individual,Manual,Second Owner,5.0,103.6,,20.54,1598.0
,,2017.0,450000.0,10000.0,Petrol,,Automatic,First Owner,5.0,67.04,,23.1,998.0
5124.0,Hyundai,2012.0,,80000.0,Diesel,Individual,,Second Owner,5.0,88.76,kmpl,21.9,1396.0
5134.0,Hyundai,2017.0,1100000.0,40000.0,Diesel,Individual,Manual,First Owner,5.0,88.7,kmpl,21.38,1396.0
nan,Hyundai,nan,500000.0,80000.0,Diesel,Individual,Manual,Second Owner,5.0,126.3,kmpl,22.32,1582.0
5143.0,Renault,2016.0,235000.0,60000.0,Petrol,Individual,Manual,,5.0,67.0,kmpl,23.01,999.0
5145.0,Maruti,2012.0,325000.0,90000.0,Diesel,Individual,Manual,First Owner,,74.0,kmpl,22.9,1248.0
5146.0,Maruti,2014.0,420000.0,,Diesel,Individual,Manual,First Owner,,74.0,kmpl,23.4,1248.0
5147.0,Maruti,2014.0,229999.0,60000.0,Petrol,Individual,Manual,Second Owner,5.0,67.1,kmpl,20.92,998.0
5148.0,Maruti,2013.0,375000.0,80000.0,,Individual,Manual,,5.0,74.0,kmpl,23.4,1248.0
5158.0,Hyundai,2018.0,575000.0,30000.0,Petrol,Individual,Manual,First Owner,5.0,68.0,kmpl,20.3,1086.0
5163.0,Hyundai,2010.0,320000.0,135000.0,Diesel,Individual,Manual,Second Owner,5.0,90.0,kmpl,23.0,1396.0
5167.0,Renault,,315000.0,60000.0,Petrol,Individual,Manual,Second Owner,5.0,67.0,kmpl,,999.0
5171.0,Maruti,2015.0,350000.0,,,,Manual,First Owner,5.0,67.04,kmpl,23.1,998.0
5174.0,Maruti,2018.0,451999.0,30000.0,Petrol,Individual,Automatic,Second Owner,5.0,67.04,kmpl,23.1,998.0
,,2015.0,450000.0,,Petrol,Individual,Manual,Second Owner,5.0,83.11,kmpl,20.4,
5184.0,Maruti,2014.0,310000.0,35000.0,Petrol,Individual,Manual,Second Owner,5.0,,kmpl,20.51,998.0
5185.0,Maruti,2007.0,150000.0,50000.0,Petrol,Individual,Manual,Third Owner,5.0,46.3,kmpl,19.7,796.0
5188.0,Ford,2011.0,160000.0,112000.0,Diesel,,Manual,Second Owner,5.0,68.0,kmpl,20.0,1399.0
5192.0,TATA,2012.0,135000.0,,Diesel,Individual,Manual,First Owner,5.0,70.0,kmpl,19.61,1405.0
5194.0,VOLKSWAGEN,2020.0,260000.0,50000.0,Diesel,Individual,Manual,First Owner,,,kmpl,20.14,1498.0
5195.0,Hyundai,2017.0,500000.0,25000.0,Petrol,Individual,Manual,First Owner,5.0,81.86,kmpl,20.14,1197.0
5196.0,Renault,2016.0,,20000.0,,Individual,Manual,First Owner,5.0,67.0,kmpl,23.01,999.0
5199.0,Hyundai,2011.0,280000.0,100000.0,Diesel,Individual,Manual,Second Owner,5.0,90.0,kmpl,23.0,1396.0
5201.0,Hyundai,2011.0,320000.0,155000.0,,Individual,Manual,First Owner,5.0,90.0,kmpl,,1396.0
5202.0,Ford,2012.0,140000.0,70000.0,Diesel,Individual,Manual,Fourth & Above Owner,5.0,68.0,kmpl,20.0,1399.0
5203.0,Maruti,2012.0,,25000.0,Diesel,Individual,Manual,Second Owner,,88.8,kmpl,21.5,
5208.0,Maruti,nan,380000.0,100000.0,Diesel,Individual,Manual,Second Owner,5.0,74.0,,22.9,1248.0
5210.0,Tata,2015.0,475000.0,25000.0,Diesel,Individual,Manual,First Owner,5.0,74.0,kmpl,22.95,1248.0
5215.0,Hyundai,,275000.0,80000.0,Petrol,Individual,Manual,First Owner,5.0,68.05,kmpl,19.81,1086.0
5217.0,Renault,2014.0,650000.0,129000.0,Diesel,Individual,Manual,First Owner,5.0,108.45,kmpl,,1461.0
5218.0,Volkswagen,2018.0,650000.0,82000.0,,Individual,Automatic,First Owner,5.0,,kmpl,21.73,1498.0
5221.0,Maruti,2017.0,445000.0,,Petrol,Individual,Manual,First Owner,5.0,81.8,,20.52,1197.0
5222.0,Hyundai,2018.0,750000.0,,Diesel,Individual,Manual,First Owner,5.0,88.76,kmpl,22.54,1396.0
5223.0,Maruti,2012.0,425000.0,56000.0,Diesel,Individual,Manual,,5.0,74.0,kmpl,22.9,1248.0
5224.0,Hyundai,2017.0,850000.0,54000.0,Diesel,,Manual,First Owner,5.0,,kmpl,,1396.0
,Maruti,,400000.0,20000.0,Petrol,,Manual,Second Owner,5.0,67.04,kmpl,20.51,998.0
5229.0,,2014.0,206000.0,120000.0,Petrol,,,Second Owner,5.0,47.3,kmpl,,796.0
,Hyundai,2014.0,290000.0,50000.0,Petrol,Individual,Manual,First Owner,5.0,55.2,kmpl,21.1,814.0
5232.0,,2010.0,170000.0,,Petrol,Individual,Manual,First Owner,5.0,46.3,kmpl,19.7,796.0
,Volkswagen,,315000.0,,Diesel,Individual,Manual,Second Owner,5.0,103.6,kmpl,20.54,1598.0
5235.0,Maruti,2011.0,225000.0,76000.0,Petrol,Individual,Manual,Second Owner,5.0,67.1,kmpl,20.92,998.0
5239.0,FORD,2013.0,250000.0,25000.0,Diesel,Individual,Manual,,5.0,68.1,kmpl,20.0,1399.0
5245.0,Hyundai,,360000.0,157000.0,Diesel,Individual,Manual,Second Owner,,126.3,,22.32,1582.0
5246.0,Hyundai,2011.0,380000.0,157000.0,Diesel,Individual,Manual,Second Owner,,126.3,kmpl,22.32,1582.0
5248.0,Tata,2010.0,160000.0,,Diesel,Individual,Manual,,5.0,88.8,kmpl,21.12,1248.0
5250.0,Maruti,2014.0,229999.0,30000.0,Petrol,Individual,Manual,Second Owner,5.0,47.3,kmpl,22.74,796.0
5251.0,Maruti,2014.0,440000.0,70000.0,Diesel,Individual,Manual,Second Owner,5.0,74.0,kmpl,22.9,1248.0
5259.0,Volkswagen,2012.0,240000.0,200000.0,,Individual,Manual,,5.0,73.9,kmpl,22.07,1199.0
5262.0,Hyundai,2012.0,465000.0,146000.0,Diesel,,Manual,Second Owner,5.0,126.32,kmpl,22.32,1582.0
5264.0,HYUNDAI,2013.0,325000.0,70000.0,Petrol,Individual,Manual,First Owner,5.0,78.9,kmpl,20.36,1197.0
5266.0,Maruti,2006.0,110000.0,120000.0,,Individual,Manual,Third Owner,5.0,46.3,kmpl,19.7,796.0
5268.0,Maruti,2018.0,750000.0,40000.0,,Individual,Manual,First Owner,5.0,91.1,kmpl,20.73,1373.0
5269.0,Hyundai,2018.0,350000.0,25000.0,Petrol,,Manual,First Owner,5.0,55.2,kmpl,21.1,814.0
5274.0,,,200000.0,40000.0,Petrol,Individual,Manual,Third Owner,5.0,47.3,kmpl,22.74,796.0
5276.0,Tata,2012.0,200000.0,120000.0,,Individual,Manual,First Owner,5.0,69.0,kmpl,23.03,1396.0
5277.0,,2016.0,276000.0,60000.0,Petrol,,Manual,First Owner,5.0,68.05,kmpl,20.3,998.0
5278.0,Hyundai,2014.0,250000.0,40000.0,Petrol,Individual,Manual,First Owner,5.0,55.2,kmpl,21.1,814.0
5279.0,Maruti,2008.0,95000.0,80000.0,Petrol,Individual,Manual,Second Owner,5.0,46.3,kmpl,19.7,796.0
5280.0,Tata,2011.0,200000.0,70000.0,Diesel,Individual,Manual,Second Owner,5.0,70.0,kmpl,23.57,1396.0
5281.0,Hyundai,2012.0,450000.0,100000.0,Diesel,Individual,Manual,Second Owner,5.0,,kmpl,,1582.0
5284.0,Hyundai,2010.0,200000.0,70000.0,Petrol,Individual,Manual,Second Owner,5.0,,kmpl,20.36,1197.0
,Ford,2013.0,325000.0,120000.0,Diesel,Individual,,Second Owner,5.0,68.1,,20.0,
5293.0,,2013.0,325000.0,70000.0,Petrol,Individual,Manual,Second Owner,,78.9,kmpl,20.36,1197.0
5294.0,Hyundai,2016.0,,130000.0,Diesel,Individual,Manual,First Owner,5.0,88.7,,21.38,1396.0
5295.0,Hyundai,2016.0,950000.0,133000.0,Diesel,Individual,Manual,First Owner,5.0,88.7,kmpl,21.38,1396.0
5296.0,Volkswagen,2010.0,320000.0,120000.0,,Individual,Manual,Third Owner,5.0,103.6,kmpl,20.54,1598.0
5304.0,Volkswagen,2015.0,620000.0,33000.0,Diesel,Individual,Manual,First Owner,,88.8,kmpl,,1498.0
5305.0,Maruti,2009.0,150000.0,70000.0,Petrol,Individual,Manual,Second Owner,5.0,46.3,kmpl,19.7,796.0
5312.0,Ford,,190000.0,,Diesel,Individual,Manual,Second Owner,5.0,68.0,kmpl,20.0,1399.0
5315.0,Maruti,2012.0,,90000.0,Diesel,Individual,Manual,First Owner,7.0,88.76,kmpl,20.77,1248.0
5317.0,Hyundai,2016.0,930000.0,47552.0,Diesel,Individual,,Second Owner,5.0,126.2,kmpl,19.67,1582.0
5320.0,Ford,2019.0,950000.0,20000.0,Diesel,Individual,Manual,First Owner,5.0,98.96,kmpl,23.0,1498.0
5329.0,Maruti,2004.0,70000.0,70000.0,Petrol,Individual,Manual,Second Owner,5.0,46.3,kmpl,19.7,796.0
5340.0,Ford,2015.0,300000.0,140000.0,Diesel,Individual,Manual,First Owner,5.0,68.05,kmpl,20.0,1399.0
5342.0,Tata,2017.0,520000.0,40000.0,Petrol,Individual,Manual,First Owner,5.0,84.0,,20.3,1199.0
5343.0,Maruti,2014.0,190000.0,,Petrol,Individual,Manual,,,47.3,kmpl,22.74,796.0
5347.0,Maruti,2020.0,360000.0,,Petrol,Individual,Manual,First Owner,5.0,47.3,kmpl,22.05,796.0
5349.0,Maruti,2013.0,160000.0,,,Individual,Manual,Second Owner,5.0,47.3,kmpl,22.74,796.0
,Maruti,2007.0,,120000.0,Petrol,Individual,Manual,Third Owner,5.0,46.3,kmpl,19.7,796.0
5356.0,Maruti,2013.0,390000.0,100000.0,Diesel,Individual,Manual,First Owner,5.0,74.0,kmpl,23.4,1248.0
5357.0,Toyota,2015.0,450000.0,80000.0,Diesel,Individual,Manual,First Owner,5.0,67.04,kmpl,23.59,1364.0
,Hyundai,2012.0,,70000.0,Diesel,Individual,Manual,First Owner,5.0,126.32,kmpl,22.32,1582.0
5378.0,Maruti,2019.0,610000.0,18000.0,Petrol,Individual,Manual,First Owner,5.0,81.8,kmpl,21.21,1197.0
5381.0,Hyundai,2012.0,,150000.0,Diesel,Individual,Manual,Third Owner,5.0,126.32,kmpl,22.32,1582.0
5382.0,Hyundai,2011.0,450000.0,108000.0,Diesel,Individual,Manual,First Owner,5.0,126.3,kmpl,22.32,1582.0
5384.0,Maruti,2013.0,650000.0,90000.0,Diesel,Individual,Manual,First Owner,7.0,88.76,kmpl,,1248.0
5392.0,Maruti,,500000.0,,Petrol,,Manual,First Owner,5.0,83.14,kmpl,20.85,1197.0
5394.0,Maruti,2011.0,400000.0,60000.0,Diesel,Individual,Manual,First Owner,5.0,74.0,kmpl,22.9,1248.0
5397.0,Hyundai,2012.0,280000.0,,Petrol,Individual,Manual,First Owner,,78.9,kmpl,20.36,1197.0
5398.0,Maruti,2014.0,580000.0,88000.0,Diesel,Individual,Manual,,5.0,74.0,kmpl,23.4,
5403.0,Hyundai,2014.0,190000.0,60000.0,Petrol,Individual,Manual,Second Owner,,55.2,kmpl,21.1,814.0
5406.0,Hyundai,2019.0,811000.0,43000.0,Diesel,,Manual,First Owner,5.0,88.76,kmpl,22.54,1396.0
5407.0,Maruti,2016.0,,120000.0,Diesel,Individual,Manual,First Owner,5.0,73.94,kmpl,23.2,1248.0
5413.0,Maruti,2014.0,420000.0,120000.0,Diesel,Individual,Manual,Second Owner,5.0,,kmpl,23.4,1248.0
5416.0,RENAULT,,350000.0,25000.0,,Individual,Manual,First Owner,5.0,67.0,kmpl,23.01,999.0
5417.0,Toyota,2015.0,509999.0,100000.0,Diesel,Individual,Manual,Second Owner,5.0,,kmpl,23.59,
5420.0,Maruti,2013.0,240000.0,44000.0,Petrol,Individual,Manual,Second Owner,5.0,67.1,kmpl,20.92,998.0
,Hyundai,,530000.0,100000.0,Diesel,Individual,Manual,Second Owner,5.0,88.73,kmpl,22.54,1396.0
5424.0,Hyundai,2014.0,350000.0,64000.0,Petrol,Individual,,,5.0,78.9,kmpl,20.36,1197.0
5428.0,Maruti,2013.0,370000.0,90000.0,Diesel,Individual,Manual,,5.0,74.0,kmpl,22.9,
5434.0,Hyundai,2014.0,320000.0,15000.0,Petrol,Individual,Manual,,5.0,78.9,kmpl,,1197.0
5435.0,Maruti,2017.0,440000.0,35000.0,Petrol,Individual,Automatic,,,67.0,kmpl,20.51,998.0
5438.0,Hyundai,2012.0,179000.0,,Petrol,Individual,Manual,Second Owner,5.0,55.2,kmpl,21.1,814.0
5439.0,HYUNDAI,2008.0,140000.0,60000.0,Petrol,Individual,Manual,Second Owner,5.0,,,20.36,1197.0
5442.0,Ford,2011.0,250000.0,,Diesel,Dealer,Manual,Second Owner,5.0,68.0,kmpl,20.0,1399.0
5443.0,Maruti,2014.0,330000.0,22000.0,Petrol,Individual,Manual,First Owner,5.0,,kmpl,20.51,998.0
5448.0,Maruti,2015.0,550000.0,29434.0,Petrol,Individual,Manual,,5.0,91.1,kmpl,20.73,1373.0
NAN,RENAULT,2013.0,400000.0,44500.0,Diesel,Individual,Manual,,5.0,83.8,kmpl,20.46,1461.0
,Maruti,2016.0,375000.0,34500.0,Petrol,Individual,Manual,First Owner,5.0,67.04,kmpl,20.51,998.0
5455.0,Hyundai,2012.0,140000.0,,Petrol,Individual,Manual,First Owner,5.0,55.2,kmpl,21.1,814.0
5456.0,NAN,2019.0,550000.0,,Petrol,Individual,Manual,First Owner,5.0,81.86,kmpl,20.14,
5459.0,Ford,2018.0,950000.0,35000.0,Diesel,Individual,Manual,First Owner,5.0,98.96,kmpl,23.0,1498.0
,Maruti,2018.0,375000.0,50000.0,CNG,Individual,Manual,First Owner,5.0,61.7,km/kg,,1196.0
5468.0,Maruti,2016.0,590000.0,40000.0,Petrol,,Manual,Second Owner,5.0,91.1,kmpl,20.73,
5469.0,HYUNDAI,2019.0,420000.0,30000.0,Petrol,,Manual,First Owner,5.0,68.0,kmpl,20.3,1086.0
5474.0,Tata,nan,530000.0,20000.0,Petrol,Individual,Manual,First Owner,5.0,83.81,kmpl,20.3,1199.0
5481.0,,2013.0,350000.0,110000.0,Diesel,,Manual,Third Owner,5.0,74.0,,22.9,1248.0
5486.0,,2017.0,325000.0,16500.0,Petrol,Individual,Manual,,5.0,,kmpl,23.01,999.0
5488.0,Maruti,2012.0,180000.0,80000.0,Petrol,Individual,Manual,Third Owner,5.0,46.3,kmpl,,796.0
5489.0,Maruti,2020.0,700000.0,,Petrol,Individual,Manual,First Owner,5.0,88.5,kmpl,23.26,
5492.0,Volkswagen,2018.0,885000.0,,Diesel,Individual,Automatic,First Owner,5.0,108.5,kmpl,21.5,1498.0
5493.0,MARUTI,2011.0,160000.0,140000.0,Diesel,Individual,Manual,First Owner,5.0,73.9,kmpl,21.1,1248.0
5494.0,Hyundai,2012.0,300000.0,120000.0,Diesel,Individual,Manual,Second Owner,5.0,90.0,kmpl,23.0,1396.0
5495.0,Volkswagen,,950000.0,75000.0,Diesel,Individual,Automatic,First Owner,5.0,108.5,,21.5,1498.0
5496.0,,2015.0,,90000.0,Diesel,Individual,Manual,First Owner,7.0,88.76,kmpl,20.77,
5498.0,Renault,2012.0,570000.0,100000.0,Diesel,Individual,Manual,Second Owner,5.0,78.0,kmpl,21.8,1461.0
5504.0,Volkswagen,2015.0,434999.0,50000.0,Diesel,Individual,Manual,First Owner,5.0,88.8,kmpl,20.14,1498.0
5505.0,Maruti,2015.0,260000.0,25000.0,Petrol,Individual,Manual,First Owner,5.0,47.3,kmpl,22.74,796.0
5506.0,Maruti,2013.0,450000.0,24019.0,Diesel,Individual,Manual,,5.0,74.0,,22.9,1248.0
5507.0,Hyundai,,459999.0,80000.0,Diesel,Individual,Manual,Second Owner,5.0,126.32,,22.32,1582.0
5508.0,Maruti,2011.0,210000.0,100000.0,Diesel,Individual,,Second Owner,5.0,73.9,kmpl,,1248.0
5509.0,,2015.0,540000.0,93000.0,,Individual,Manual,Second Owner,5.0,83.14,kmpl,20.85,1197.0
5512.0,HYUNDAI,2019.0,990000.0,19600.0,Diesel,Individual,Manual,First Owner,,88.7,kmpl,22.1,1396.0
5514.0,Ford,2017.0,880000.0,,,Individual,Manual,First Owner,5.0,98.96,kmpl,23.0,
5522.0,Maruti,2012.0,170000.0,90000.0,Petrol,Individual,,,5.0,67.1,kmpl,20.92,998.0
5525.0,Ford,2017.0,900000.0,35000.0,Diesel,Individual,,First Owner,5.0,98.96,kmpl,23.0,1498.0
5526.0,Maruti,,,120000.0,Diesel,,,First Owner,,74.0,,22.9,1248.0
5527.0,Maruti,,445000.0,80000.0,Diesel,Individual,Manual,Second Owner,5.0,74.0,kmpl,,1248.0
5528.0,MARUTI,2014.0,459999.0,,Diesel,Individual,Manual,Fourth & Above Owner,5.0,74.0,kmpl,23.4,1248.0
5530.0,MARUTI,2009.0,200000.0,120000.0,Diesel,Individual,Manual,Second Owner,5.0,73.9,kmpl,21.1,1248.0
5533.0,Toyota,2014.0,550000.0,,Diesel,Individual,Manual,First Owner,,67.04,kmpl,23.59,1364.0
5537.0,Maruti,2008.0,129000.0,60000.0,Petrol,Individual,Manual,First Owner,5.0,46.3,kmpl,19.7,796.0
5539.0,,2014.0,570000.0,48000.0,Diesel,Individual,Manual,First Owner,5.0,98.96,kmpl,21.7,1498.0
5548.0,Maruti,2015.0,650000.0,50000.0,Petrol,Individual,Manual,First Owner,5.0,83.1,kmpl,21.4,1197.0
5561.0,Maruti,2010.0,311000.0,94000.0,Diesel,Individual,Manual,Second Owner,5.0,75.0,,21.1,1248.0
5565.0,Maruti,2018.0,440000.0,20000.0,Petrol,Individual,Manual,,5.0,67.04,kmpl,20.51,
5566.0,MARUTI,2018.0,440000.0,17000.0,Petrol,Individual,Manual,First Owner,5.0,67.04,,20.51,998.0
5572.0,Tata,2010.0,200000.0,60000.0,Diesel,Individual,Manual,First Owner,5.0,69.0,,23.03,1396.0
5573.0,Hyundai,2016.0,750000.0,40000.0,Diesel,Individual,Manual,First Owner,5.0,88.73,,21.19,1396.0
5577.0,Renault,2017.0,350000.0,30000.0,Petrol,Individual,Manual,First Owner,5.0,,kmpl,23.01,999.0
5578.0,Maruti,2016.0,450000.0,175000.0,Diesel,Individual,Manual,First Owner,5.0,74.0,,23.4,
5587.0,,2012.0,254999.0,90000.0,Diesel,Individual,Manual,First Owner,5.0,,kmpl,23.0,1396.0
5589.0,Volkswagen,2013.0,280000.0,80000.0,Diesel,Individual,Manual,Second Owner,5.0,73.9,kmpl,22.07,1199.0
5590.0,,,725000.0,35000.0,Petrol,Individual,Automatic,,5.0,81.8,,21.21,1197.0
5593.0,Hyundai,,287000.0,,Petrol,,Manual,Second Owner,5.0,,kmpl,19.81,1086.0
5597.0,Maruti,2013.0,240000.0,108916.0,Petrol,Individual,Manual,Second Owner,5.0,67.04,,20.51,998.0
5598.0,Hyundai,2013.0,290000.0,40000.0,Petrol,Individual,Manual,Second Owner,5.0,55.2,kmpl,21.1,814.0
5599.0,,2014.0,229999.0,80000.0,,Individual,Manual,First Owner,5.0,55.2,kmpl,21.1,814.0
5602.0,Maruti,2004.0,90000.0,70000.0,Petrol,Individual,Manual,Fourth & Above Owner,5.0,46.3,kmpl,19.7,796.0
5603.0,Hyundai,2012.0,330000.0,90000.0,Diesel,Individual,Manual,First Owner,5.0,90.0,,23.0,1396.0
5604.0,MARUTI,,200000.0,70000.0,Diesel,Individual,Manual,First Owner,5.0,,kmpl,21.1,1248.0
5612.0,Hyundai,2014.0,,60000.0,Petrol,Individual,Manual,Second Owner,5.0,55.2,kmpl,21.1,814.0
5615.0,,2013.0,250000.0,180000.0,Diesel,Individual,,First Owner,5.0,64.1,kmpl,20.8,1461.0
5618.0,Hyundai,,509999.0,120000.0,Diesel,Individual,Automatic,Second Owner,5.0,126.3,kmpl,22.32,1582.0
5620.0,Hyundai,2014.0,525000.0,80000.0,Diesel,Individual,Manual,Second Owner,5.0,126.32,kmpl,22.32,1582.0
,Volkswagen,,254999.0,120000.0,Diesel,Individual,Manual,Third Owner,5.0,73.9,kmpl,22.07,1199.0
5629.0,Maruti,,440000.0,30000.0,Petrol,Individual,,First Owner,5.0,67.04,kmpl,20.51,998.0
5635.0,Maruti,2019.0,780000.0,7200.0,Petrol,Individual,Manual,First Owner,5.0,100.5,kmpl,21.1,998.0
5636.0,Volkswagen,2011.0,320000.0,77000.0,Diesel,Individual,Manual,Second Owner,5.0,73.9,kmpl,22.07,1199.0
5646.0,,2018.0,472000.0,30000.0,Petrol,Individual,,,,67.0,kmpl,20.51,998.0
,Tata,2018.0,,,,Individual,Manual,Second Owner,5.0,88.7,,20.65,1248.0
,Tata,2013.0,325000.0,100000.0,Diesel,Individual,Manual,First Owner,5.0,88.8,kmpl,22.3,1248.0
5653.0,,,310000.0,90000.0,Diesel,Individual,Manual,Second Owner,5.0,67.0,,19.68,1399.0
,,2014.0,330000.0,100000.0,,,Manual,,5.0,67.0,,19.68,1399.0
5656.0,Ford,2012.0,250000.0,80000.0,Diesel,Individual,Manual,Second Owner,5.0,68.0,kmpl,20.0,1399.0
5660.0,Maruti,2015.0,280000.0,110000.0,Petrol,,Manual,First Owner,5.0,67.04,kmpl,20.51,998.0
5661.0,Tata,2011.0,153000.0,50000.0,Diesel,Individual,,Second Owner,,70.0,kmpl,23.57,1396.0
5665.0,Maruti,2012.0,235000.0,80000.0,Petrol,Individual,Manual,Third Owner,5.0,67.1,kmpl,20.92,998.0
5666.0,Maruti,,500000.0,15000.0,Petrol,Individual,Manual,First Owner,5.0,81.8,kmpl,20.4,1197.0
nan,Volkswagen,2016.0,591000.0,60000.0,Diesel,Dealer,Manual,First Owner,5.0,108.5,kmpl,21.49,1498.0
5671.0,Hyundai,2015.0,585000.0,72000.0,Diesel,,Manual,First Owner,5.0,88.73,kmpl,22.54,1396.0
5674.0,Hyundai,2014.0,484999.0,70100.0,Diesel,Dealer,Manual,First Owner,5.0,88.73,kmpl,22.54,1396.0
,Ford,2011.0,195000.0,77395.0,Diesel,Dealer,Manual,Second Owner,5.0,68.0,kmpl,20.0,1399.0
5683.0,Volkswagen,2015.0,651000.0,69000.0,Diesel,Dealer,,First Owner,5.0,108.6,kmpl,22.15,1498.0
5695.0,Maruti,2015.0,650000.0,70000.0,Diesel,Individual,,First Owner,7.0,88.76,kmpl,20.77,
5704.0,Maruti,2011.0,275000.0,165000.0,Diesel,Individual,Manual,First Owner,,,kmpl,21.1,1248.0
5707.0,VOLKSWAGEN,2011.0,400000.0,,Diesel,Individual,,Second Owner,5.0,103.6,,20.54,1598.0
5710.0,Maruti,2016.0,,40000.0,Petrol,Individual,Manual,,,81.8,kmpl,20.4,1197.0
5713.0,Volkswagen,2018.0,1290000.0,29899.0,Diesel,Dealer,Automatic,First Owner,5.0,108.6,kmpl,,1498.0
5714.0,Hyundai,2020.0,775000.0,2000.0,Petrol,Dealer,,First Owner,5.0,81.86,kmpl,,1197.0
5715.0,NAN,2017.0,695000.0,34000.0,,Dealer,Manual,First Owner,8.0,83.8,kmpl,21.04,1461.0
5718.0,Maruti,2016.0,434999.0,10000.0,,,Automatic,First Owner,5.0,67.04,kmpl,23.1,998.0
5719.0,Hyundai,,850000.0,59235.0,Diesel,Dealer,,First Owner,5.0,126.2,kmpl,19.67,1582.0
5723.0,Hyundai,2013.0,360000.0,144000.0,Diesel,Individual,Manual,First Owner,5.0,88.8,,21.9,
5724.0,Hyundai,2013.0,350000.0,144000.0,Diesel,Individual,Manual,,5.0,88.8,kmpl,21.9,1396.0
5728.0,,2017.0,860000.0,40000.0,,Individual,Manual,Second Owner,5.0,126.2,kmpl,22.0,1582.0
5732.0,VOLKSWAGEN,2011.0,240000.0,110000.0,Diesel,Individual,Manual,First Owner,5.0,103.6,kmpl,20.54,1598.0
,Maruti,2018.0,545000.0,10000.0,Petrol,Dealer,Automatic,First Owner,5.0,67.04,kmpl,23.1,998.0
5740.0,Maruti,2018.0,775000.0,21147.0,Petrol,Dealer,Automatic,,5.0,83.1,kmpl,21.4,1197.0
5744.0,Maruti,2017.0,620000.0,37000.0,Petrol,Dealer,Manual,First Owner,5.0,81.8,kmpl,21.01,1197.0
,Maruti,2018.0,775000.0,17000.0,Petrol,Dealer,Manual,First Owner,5.0,81.8,kmpl,21.01,1197.0
5751.0,Maruti,,380000.0,50000.0,Petrol,Individual,Manual,,5.0,67.04,kmpl,23.1,
5753.0,Maruti,,,,Petrol,Individual,Manual,Second Owner,5.0,47.3,kmpl,22.74,796.0
5755.0,Maruti,2015.0,420000.0,36000.0,Petrol,Individual,Manual,First Owner,5.0,83.11,kmpl,20.4,1197.0
5756.0,Ford,2011.0,130000.0,180000.0,Diesel,Individual,Manual,Second Owner,5.0,68.0,kmpl,20.0,1399.0
5757.0,Maruti,2012.0,110000.0,80000.0,Petrol,Individual,Manual,First Owner,5.0,67.1,kmpl,20.92,998.0
5758.0,Maruti,,120000.0,120000.0,Petrol,Individual,Manual,Second Owner,5.0,,kmpl,19.7,796.0
5762.0,TOYOTA,2018.0,665000.0,70000.0,Diesel,Individual,Manual,First Owner,5.0,67.04,kmpl,23.59,1364.0
5764.0,Hyundai,2012.0,340000.0,92686.0,Diesel,Dealer,Manual,Second Owner,5.0,88.76,kmpl,21.9,
5766.0,Tata,,270000.0,80000.0,Diesel,,Manual,First Owner,5.0,,kmpl,21.02,1248.0
5771.0,Hyundai,2014.0,250000.0,80000.0,Petrol,Individual,Manual,Second Owner,5.0,55.2,kmpl,21.1,814.0
,Hyundai,2010.0,350000.0,90000.0,Diesel,Individual,Manual,Second Owner,,90.0,kmpl,23.0,1396.0
5775.0,Maruti,2018.0,600000.0,25000.0,Petrol,Individual,Manual,First Owner,5.0,81.8,kmpl,21.21,1197.0
5778.0,Ford,2018.0,690000.0,13000.0,Petrol,Individual,Manual,First Owner,5.0,94.93,kmpl,20.4,1194.0
5780.0,Hyundai,2018.0,350000.0,10000.0,,Individual,Manual,Second Owner,5.0,68.05,kmpl,20.3,998.0
5781.0,Maruti,2012.0,220000.0,13000.0,Petrol,Individual,,First Owner,5.0,67.1,kmpl,,998.0
5782.0,Renault,2019.0,700000.0,6500.0,Petrol,Individual,Manual,First Owner,7.0,72.0,,20.0,999.0
5783.0,Hyundai,2013.0,198000.0,,Petrol,Individual,Manual,Second Owner,,55.2,kmpl,21.1,
5784.0,Hyundai,2011.0,350000.0,50000.0,Diesel,Individual,Manual,First Owner,5.0,90.0,kmpl,23.0,1396.0
5785.0,Tata,2011.0,210000.0,175000.0,Diesel,,Manual,Second Owner,5.0,70.0,kmpl,,
,Tata,2011.0,210000.0,175000.0,,,Manual,Second Owner,5.0,69.0,,,1396.0
5787.0,Maruti,2014.0,375000.0,110000.0,Diesel,Individual,Manual,Third Owner,5.0,73.94,kmpl,23.2,1248.0
5792.0,Toyota,2018.0,780000.0,116000.0,,Individual,Manual,First Owner,5.0,67.05,,23.59,1364.0
,Maruti,2020.0,445000.0,1000.0,Petrol,Individual,Manual,First Owner,5.0,81.8,kmpl,21.21,1197.0
5800.0,Maruti,,300000.0,120000.0,Diesel,Individual,Manual,,5.0,73.94,kmpl,23.2,
5803.0,Honda,2017.0,950000.0,,Diesel,Dealer,Manual,First Owner,,98.6,kmpl,21.9,1498.0
5806.0,Volkswagen,2017.0,750000.0,50000.0,Diesel,Individual,Manual,First Owner,5.0,108.6,kmpl,22.27,1498.0
5807.0,Hyundai,2017.0,,34000.0,Petrol,Individual,Manual,First Owner,5.0,55.2,kmpl,21.1,814.0
5811.0,Volkswagen,2017.0,655000.0,50000.0,Diesel,Individual,Automatic,First Owner,5.0,108.495,kmpl,22.0,
,Ford,2011.0,210000.0,84000.0,Diesel,Individual,Manual,Second Owner,5.0,68.0,kmpl,20.0,1399.0
5815.0,Hyundai,2019.0,430000.0,18500.0,Petrol,Individual,Manual,First Owner,5.0,68.0,kmpl,20.3,1086.0
5816.0,Tata,2012.0,155000.0,50000.0,Diesel,Individual,,First Owner,5.0,69.0,kmpl,23.03,1396.0
5825.0,Hyundai,2008.0,250000.0,100000.0,Petrol,Individual,Manual,Second Owner,5.0,68.05,kmpl,19.81,1086.0
5826.0,MARUTI,2005.0,125000.0,70000.0,,,Manual,Fourth & Above Owner,5.0,46.3,kmpl,19.7,796.0
5829.0,Hyundai,2020.0,,,,Individual,Manual,First Owner,5.0,68.07,kmpl,20.3,1086.0
5831.0,Renault,2015.0,690000.0,80000.0,Diesel,Individual,Manual,First Owner,8.0,83.8,kmpl,21.04,1461.0
5836.0,Maruti,2013.0,,150000.0,Diesel,Individual,,,5.0,74.0,kmpl,23.4,1248.0
,Ford,,275000.0,104300.0,Diesel,Individual,,First Owner,5.0,,kmpl,20.0,1399.0
5841.0,Volkswagen,2020.0,800000.0,25000.0,Diesel,Individual,Manual,First Owner,5.0,108.62,kmpl,21.66,1498.0
5848.0,Maruti,,409999.0,100000.0,Diesel,Individual,,Third Owner,5.0,74.0,kmpl,22.9,1248.0
5849.0,Hyundai,,1000000.0,73500.0,Diesel,Individual,Manual,First Owner,5.0,,kmpl,19.67,1582.0
5855.0,Volkswagen,2013.0,325000.0,155000.0,Diesel,Individual,Manual,Second Owner,5.0,103.6,,20.54,1598.0
5862.0,Maruti,2012.0,625000.0,100000.0,Diesel,Individual,Manual,Second Owner,5.0,74.0,kmpl,23.4,1248.0
5864.0,Maruti,2015.0,330000.0,84000.0,Petrol,Individual,Manual,Second Owner,5.0,67.04,kmpl,23.1,998.0
5866.0,HYUNDAI,2011.0,300000.0,30000.0,Petrol,Individual,Manual,First Owner,5.0,68.05,kmpl,19.81,1086.0
5867.0,Maruti,2016.0,650000.0,35000.0,Petrol,Individual,Manual,Second Owner,5.0,83.1,kmpl,21.4,1197.0
5868.0,Mahindra,2015.0,380000.0,120000.0,Diesel,,Manual,Second Owner,5.0,65.0,kmpl,21.03,1461.0
5870.0,Hyundai,2012.0,590000.0,110000.0,Diesel,Individual,Manual,,5.0,126.32,kmpl,22.32,
5875.0,Renault,2012.0,,75000.0,Diesel,Individual,Manual,First Owner,5.0,,kmpl,23.08,1461.0
5880.0,MARUTI,2015.0,475000.0,51000.0,Petrol,,Manual,First Owner,5.0,81.8,kmpl,22.0,1197.0
5881.0,Maruti,2017.0,525000.0,29000.0,Petrol,,Manual,First Owner,5.0,81.8,kmpl,20.89,1197.0
5882.0,,2015.0,365000.0,28000.0,Petrol,,Manual,,,81.8,kmpl,20.52,
5891.0,Hyundai,2012.0,350000.0,120000.0,Diesel,Individual,Manual,Third Owner,5.0,,kmpl,22.32,1582.0
5892.0,Volkswagen,2013.0,325000.0,120000.0,Diesel,,Manual,,5.0,73.9,kmpl,22.07,1199.0
5893.0,VOLKSWAGEN,2013.0,360000.0,80000.0,Diesel,Individual,Manual,First Owner,5.0,73.9,kmpl,22.07,1199.0
5894.0,Maruti,2010.0,148000.0,120000.0,Petrol,Individual,Manual,First Owner,5.0,67.1,kmpl,20.92,998.0
5896.0,Toyota,2014.0,430999.0,,Diesel,Individual,Manual,First Owner,5.0,67.04,kmpl,23.59,1364.0
5899.0,Renault,2019.0,300000.0,35000.0,Petrol,Individual,Manual,First Owner,5.0,67.0,kmpl,23.01,
5901.0,Ford,2010.0,260000.0,70000.0,Diesel,,Manual,First Owner,,68.0,,20.0,1399.0
5909.0,Ford,2017.0,934000.0,101000.0,Diesel,Individual,Manual,First Owner,5.0,,kmpl,22.77,
5921.0,Volkswagen,2012.0,380000.0,200000.0,,Individual,Manual,First Owner,5.0,103.6,kmpl,20.54,1598.0
5924.0,Maruti,2011.0,350000.0,118000.0,Diesel,Individual,,Second Owner,5.0,,,21.1,1248.0
,Tata,,980000.0,20000.0,Diesel,Individual,Manual,First Owner,5.0,,kmpl,21.5,1497.0
5927.0,Tata,2018.0,969999.0,,Diesel,Individual,Manual,First Owner,5.0,,kmpl,21.5,1497.0
5931.0,Maruti,2015.0,250000.0,70000.0,Petrol,Individual,Manual,First Owner,5.0,47.3,kmpl,22.74,796.0
,,2018.0,950000.0,14000.0,Diesel,Individual,Manual,,5.0,108.5,kmpl,21.5,1497.0
5943.0,Hyundai,2015.0,965000.0,60000.0,Diesel,Individual,Manual,,5.0,126.2,,19.67,1582.0
5944.0,Maruti,2013.0,700000.0,37659.0,Diesel,Individual,,First Owner,7.0,88.8,kmpl,20.77,1248.0
5945.0,Maruti,2012.0,250000.0,89000.0,Diesel,Individual,Manual,Second Owner,5.0,73.94,kmpl,,1248.0
5946.0,Maruti,2013.0,680000.0,37500.0,Diesel,Individual,Manual,Second Owner,7.0,88.8,kmpl,20.77,1248.0
5952.0,MARUTI,2011.0,250000.0,90000.0,,Individual,Manual,Third Owner,5.0,73.9,kmpl,,
5955.0,Maruti,2013.0,550000.0,,Diesel,Individual,Manual,Third Owner,7.0,88.76,kmpl,20.77,1248.0
5961.0,MARUTI,2017.0,550000.0,46000.0,Petrol,Individual,Manual,First Owner,5.0,83.1,kmpl,21.4,1197.0
5965.0,Toyota,2012.0,476999.0,90000.0,Diesel,Individual,Manual,,,87.2,kmpl,,1364.0
5967.0,Maruti,2011.0,225000.0,,Petrol,Individual,Manual,First Owner,5.0,46.3,kmpl,19.7,796.0
5968.0,Maruti,2010.0,190000.0,80000.0,Petrol,Individual,Manual,First Owner,5.0,46.3,kmpl,19.7,796.0
5969.0,Maruti,,100000.0,164000.0,Petrol,Individual,Manual,Third Owner,,46.3,kmpl,19.7,796.0
5977.0,Maruti,2018.0,430000.0,14000.0,Petrol,Individual,Manual,First Owner,5.0,67.04,kmpl,20.51,
5982.0,Maruti,2015.0,313000.0,68203.0,Petrol,Dealer,Manual,First Owner,5.0,67.05,kmpl,21.79,998.0
5985.0,Renault,2016.0,600000.0,90000.0,,,Manual,Second Owner,5.0,83.8,kmpl,19.87,
5987.0,Maruti,2008.0,,70000.0,Petrol,Individual,Manual,Fourth & Above Owner,8.0,35.0,,19.7,
5988.0,Hyundai,2014.0,290000.0,31000.0,Petrol,Individual,Manual,First Owner,5.0,78.9,,20.36,1197.0
,,2015.0,380000.0,20000.0,CNG,Individual,Manual,First Owner,5.0,61.7,km/kg,21.94,1196.0
5991.0,Hyundai,2014.0,180000.0,62000.0,Petrol,Individual,Manual,First Owner,5.0,,kmpl,21.1,814.0
5998.0,Hyundai,2013.0,275000.0,20000.0,Petrol,Individual,Manual,First Owner,,55.2,kmpl,21.1,814.0
6000.0,Maruti,2014.0,,65204.0,Petrol,Trustmark Dealer,Automatic,First Owner,5.0,67.04,,23.1,998.0
6002.0,Maruti,2018.0,655000.0,15732.0,Petrol,Dealer,Automatic,First Owner,5.0,81.8,kmpl,22.0,
6004.0,Maruti,2018.0,525000.0,33000.0,,Dealer,Manual,First Owner,5.0,81.8,kmpl,20.89,1197.0
6009.0,Maruti,2017.0,620000.0,,Petrol,Individual,Manual,First Owner,5.0,81.8,kmpl,22.0,1197.0
,Tata,2018.0,400000.0,22000.0,Petrol,Individual,Manual,First Owner,5.0,84.0,,20.3,1199.0
6013.0,Maruti,,400000.0,70000.0,Petrol,Individual,Manual,,5.0,,kmpl,20.51,998.0
6022.0,Renault,2013.0,399000.0,61000.0,Diesel,Dealer,Manual,Second Owner,5.0,84.8,kmpl,21.64,1461.0
6024.0,Volkswagen,nan,365000.0,65000.0,Diesel,Dealer,Manual,Second Owner,5.0,,kmpl,,1598.0
6027.0,Hyundai,2016.0,280000.0,100000.0,Petrol,Individual,Manual,First Owner,5.0,68.05,kmpl,20.3,998.0
,Hyundai,2015.0,900000.0,50000.0,Diesel,Individual,Manual,First Owner,5.0,126.2,kmpl,,1582.0
6041.0,Volkswagen,2017.0,650000.0,49060.0,Diesel,Individual,Manual,,5.0,108.495,kmpl,22.0,1498.0
6043.0,Maruti,2013.0,235000.0,18000.0,Petrol,Individual,Manual,First Owner,5.0,47.3,kmpl,22.74,
6044.0,Ford,2018.0,800000.0,37161.0,Diesel,Dealer,Manual,First Owner,5.0,89.84,kmpl,,
6045.0,Hyundai,2016.0,1050000.0,80000.0,,Individual,Manual,First Owner,5.0,126.2,kmpl,19.67,1582.0
6048.0,Volkswagen,2014.0,,120000.0,Diesel,Individual,Manual,,5.0,88.8,kmpl,20.14,1498.0
6052.0,Maruti,2012.0,370000.0,68000.0,Diesel,Individual,Manual,First Owner,,,kmpl,23.4,1248.0
6054.0,HYUNDAI,2012.0,250000.0,25000.0,Petrol,Individual,Manual,First Owner,5.0,,kmpl,21.1,814.0
nan,Ford,2018.0,925000.0,50699.0,,Dealer,Manual,First Owner,5.0,98.59,kmpl,22.77,1498.0
6058.0,Hyundai,2016.0,700000.0,,Diesel,Individual,Manual,Second Owner,5.0,88.73,kmpl,,1396.0
6059.0,Maruti,2018.0,700000.0,48000.0,Petrol,Individual,Manual,Second Owner,5.0,100.5,kmpl,21.1,998.0
6063.0,Ford,2011.0,180000.0,90000.0,Diesel,Individual,Manual,Third Owner,5.0,68.0,kmpl,20.0,1399.0
6065.0,Toyota,2014.0,320000.0,90000.0,Diesel,Individual,Manual,Third Owner,5.0,67.06,kmpl,,1364.0
6068.0,Tata,2019.0,,20000.0,,Individual,Manual,First Owner,5.0,83.81,kmpl,20.3,1199.0
6073.0,MARUTI,2010.0,200000.0,70000.0,Diesel,Individual,,Second Owner,5.0,,,,1248.0
,Maruti,2008.0,,,Petrol,Individual,Manual,Second Owner,,46.3,kmpl,19.7,
6077.0,Maruti,2013.0,500000.0,,Diesel,Individual,Manual,Third Owner,7.0,88.76,kmpl,20.77,1248.0
6081.0,Tata,2018.0,850000.0,9500.0,Diesel,Individual,Manual,First Owner,5.0,108.5,kmpl,21.5,1497.0
6088.0,,2014.0,600000.0,100000.0,Diesel,,Manual,Fourth & Above Owner,5.0,88.73,kmpl,,1396.0
6090.0,Ford,2018.0,990000.0,60000.0,Diesel,Individual,Manual,,5.0,98.96,kmpl,23.0,1498.0
6092.0,Maruti,2017.0,745000.0,10000.0,Petrol,Individual,Automatic,First Owner,5.0,83.1,kmpl,21.4,1197.0
6094.0,Maruti,2019.0,540000.0,5000.0,Petrol,Individual,Automatic,First Owner,5.0,,kmpl,20.52,1197.0
6096.0,Tata,2017.0,600000.0,27000.0,Diesel,Individual,Manual,First Owner,,74.0,kmpl,22.95,1248.0
,Hyundai,,640000.0,20000.0,Petrol,,Manual,First Owner,5.0,81.86,kmpl,20.14,1197.0
6101.0,Maruti,2016.0,500000.0,100000.0,Petrol,Individual,Manual,First Owner,5.0,,,20.4,1197.0
6107.0,NAN,2018.0,,40000.0,Diesel,Individual,Manual,,,126.2,kmpl,22.0,1582.0
6108.0,Hyundai,2012.0,300000.0,45000.0,Petrol,Individual,Manual,First Owner,5.0,78.9,kmpl,20.36,1197.0
6111.0,Hyundai,2017.0,350000.0,26263.0,Petrol,Individual,Manual,First Owner,5.0,55.2,kmpl,21.1,814.0
6116.0,Maruti,2017.0,625000.0,,Petrol,Individual,Manual,First Owner,,81.8,kmpl,22.0,1197.0
,,2019.0,475000.0,5000.0,Petrol,Individual,Automatic,First Owner,5.0,,kmpl,21.7,998.0
6119.0,Ford,,550000.0,105000.0,,Dealer,Manual,First Owner,5.0,98.96,kmpl,21.7,1498.0
6121.0,Maruti,2014.0,530000.0,90000.0,Diesel,Individual,Manual,,5.0,74.0,kmpl,22.9,1248.0
6124.0,Maruti,2000.0,45957.0,90000.0,Petrol,Individual,Manual,Second Owner,5.0,,kmpl,19.7,796.0
6125.0,Hyundai,,190000.0,65000.0,Petrol,Individual,Manual,First Owner,,55.2,kmpl,21.1,814.0
6126.0,Hyundai,2014.0,730000.0,60000.0,Diesel,Individual,Manual,First Owner,5.0,126.32,kmpl,22.32,
6129.0,Renault,2018.0,1265000.0,12000.0,Diesel,Individual,Manual,,5.0,108.45,kmpl,20.37,1461.0
6131.0,Maruti,2009.0,130000.0,60000.0,Petrol,Individual,Manual,First Owner,5.0,46.3,kmpl,19.7,
,Maruti,2012.0,550000.0,93000.0,Diesel,Individual,Manual,First Owner,7.0,88.76,kmpl,20.77,1248.0
6138.0,,2015.0,500000.0,117000.0,Petrol,Individual,Manual,First Owner,5.0,83.14,kmpl,20.85,
6141.0,Maruti,2016.0,252000.0,30000.0,Petrol,,Manual,First Owner,5.0,,kmpl,22.74,796.0
6143.0,NAN,2004.0,100000.0,40000.0,Petrol,Individual,Manual,First Owner,,46.3,kmpl,19.7,796.0
,Maruti,2015.0,,46357.0,Petrol,Individual,Manual,Second Owner,5.0,67.04,kmpl,20.51,998.0
6146.0,Renault,2016.0,,7000.0,Diesel,Dealer,Manual,First Owner,8.0,83.8,kmpl,21.04,1461.0
6149.0,Hyundai,2018.0,950000.0,,Diesel,Individual,Manual,First Owner,5.0,126.2,kmpl,,
6151.0,HYUNDAI,2012.0,360000.0,90000.0,Diesel,Individual,Manual,Second Owner,,88.76,kmpl,21.9,
6153.0,Hyundai,2011.0,270000.0,,,Individual,Manual,Second Owner,5.0,68.05,kmpl,19.81,1086.0
6154.0,Hyundai,2015.0,650000.0,,Diesel,Individual,Manual,First Owner,5.0,88.73,kmpl,22.54,1396.0
6155.0,Ford,2011.0,200000.0,170000.0,Diesel,Individual,Manual,Second Owner,5.0,68.0,kmpl,20.0,
6157.0,Maruti,2012.0,416000.0,90000.0,Diesel,Individual,Manual,Second Owner,5.0,74.0,kmpl,22.9,1248.0
6159.0,,2013.0,190000.0,120000.0,Diesel,Individual,Manual,Second Owner,5.0,74.0,kmpl,22.3,1248.0
6167.0,Hyundai,,195000.0,35000.0,Petrol,Individual,Manual,Second Owner,5.0,55.2,kmpl,21.1,
6170.0,Hyundai,2012.0,220000.0,67000.0,,Individual,Manual,Second Owner,5.0,78.9,kmpl,20.36,1197.0
6171.0,Maruti,2016.0,320000.0,46737.0,Petrol,Individual,Manual,First Owner,5.0,47.3,kmpl,22.74,796.0
6176.0,Hyundai,2012.0,450000.0,200000.0,Diesel,Individual,Manual,Second Owner,5.0,126.32,kmpl,22.32,1582.0
6179.0,Maruti,,432000.0,30000.0,Petrol,Individual,Manual,,5.0,67.04,kmpl,20.51,
6182.0,Maruti,2011.0,135000.0,110048.0,Petrol,Individual,Manual,Third Owner,5.0,67.1,kmpl,20.92,998.0
6187.0,Maruti,,120000.0,70000.0,Petrol,Individual,Manual,,5.0,46.3,kmpl,19.7,796.0
,Renault,,750000.0,20171.0,Diesel,Dealer,,First Owner,5.0,108.5,kmpl,19.87,1461.0
6226.0,Maruti,2018.0,470000.0,30000.0,Petrol,Individual,Automatic,First Owner,5.0,67.04,kmpl,,
6228.0,Maruti,2018.0,390000.0,25000.0,,Individual,Manual,Second Owner,5.0,67.04,,20.51,998.0
6230.0,Hyundai,2017.0,780000.0,,Diesel,Individual,Manual,First Owner,5.0,88.73,kmpl,22.54,1396.0
6231.0,Hyundai,,450000.0,100000.0,Diesel,Individual,Manual,First Owner,5.0,126.3,kmpl,22.32,1582.0
6233.0,Ford,,260000.0,194000.0,Diesel,,Manual,First Owner,5.0,68.0,kmpl,20.0,1399.0
6235.0,Ford,2018.0,880000.0,65000.0,Diesel,Individual,Manual,First Owner,5.0,98.96,kmpl,,1498.0
6238.0,Tata,2018.0,800000.0,85000.0,Diesel,Individual,Manual,Second Owner,5.0,108.5,kmpl,21.5,1497.0
6239.0,Hyundai,2011.0,450000.0,128000.0,Diesel,Individual,Manual,Second Owner,5.0,126.32,kmpl,22.32,1582.0
6242.0,Hyundai,2012.0,450000.0,128000.0,Diesel,Individual,Manual,Second Owner,5.0,,kmpl,22.32,1582.0
6243.0,Renault,,325000.0,100000.0,Diesel,Individual,Manual,Third Owner,5.0,83.8,kmpl,20.45,1461.0
6245.0,Maruti,2017.0,425000.0,12000.0,Petrol,Individual,Manual,First Owner,5.0,67.04,kmpl,,998.0
6246.0,Toyota,2014.0,425000.0,50000.0,Diesel,Individual,Manual,First Owner,5.0,67.06,kmpl,23.59,1364.0
6249.0,Maruti,2011.0,200000.0,73000.0,Petrol,Individual,Manual,First Owner,5.0,46.3,kmpl,19.7,796.0
6253.0,NAN,,360000.0,80000.0,Petrol,Individual,Manual,First Owner,5.0,67.04,kmpl,20.51,998.0
6256.0,Hyundai,2014.0,475000.0,80000.0,Diesel,,Manual,Second Owner,,88.73,kmpl,22.54,1396.0
676.0,Hyundai,2017.0,,60000.0,Diesel,Individual,Manual,First Owner,5.0,126.2,kmpl,19.67,1582.0
NAN,TATA,2017.0,600000.0,50000.0,Diesel,Individual,,First Owner,5.0,74.0,kmpl,22.95,1248.0
3482.0,Maruti,2017.0,395000.0,25000.0,Petrol,Individual,Manual,First Owner,5.0,67.0,kmpl,21.63,998.0
2697.0,Tata,2017.0,493000.0,40000.0,Petrol,,Manual,First Owner,5.0,84.0,kmpl,20.3,1199.0
86.0,Maruti,2009.0,185000.0,77000.0,Petrol,Dealer,Manual,Second Owner,5.0,67.05,kmpl,21.79,998.0
1464.0,,2013.0,310000.0,90000.0,Diesel,Individual,,Second Owner,5.0,68.1,kmpl,,1399.0
3356.0,NAN,2007.0,100000.0,90000.0,Diesel,Individual,Manual,,5.0,70.0,kmpl,23.57,1396.0
4940.0,VOLKSWAGEN,2011.0,225000.0,90000.0,Diesel,Individual,Manual,First Owner,5.0,103.6,kmpl,20.54,1598.0
1023.0,Honda,2016.0,,72113.0,Diesel,Individual,Manual,First Owner,7.0,98.6,,,1498.0
1762.0,Maruti,2012.0,252000.0,48000.0,Petrol,Individual,Manual,First Owner,5.0,67.1,kmpl,20.92,998.0
1059.0,Chevrolet,2016.0,250000.0,60000.0,Diesel,Individual,Manual,Second Owner,5.0,,kmpl,22.1,1248.0
,Ford,2015.0,600000.0,135000.0,,Individual,Manual,First Owner,5.0,98.59,kmpl,22.77,1498.0
3740.0,Ford,2017.0,960000.0,42000.0,Diesel,Dealer,Manual,First Owner,5.0,98.96,kmpl,,1498.0
5284.0,Hyundai,2010.0,200000.0,70000.0,Petrol,Individual,Manual,Second Owner,5.0,,kmpl,20.36,1197.0
2588.0,Tata,2017.0,484999.0,35000.0,Diesel,Individual,Manual,First Owner,5.0,88.7,kmpl,20.65,1248.0
2081.0,Ford,2010.0,200000.0,120000.0,Diesel,Individual,Manual,First Owner,5.0,68.0,kmpl,20.0,1399.0
5435.0,Maruti,2017.0,440000.0,35000.0,Petrol,Individual,Automatic,,,67.0,kmpl,20.51,998.0
3293.0,HYUNDAI,2011.0,165000.0,97000.0,Petrol,Individual,,Third Owner,5.0,68.05,kmpl,19.81,1086.0
5968.0,Maruti,2010.0,190000.0,80000.0,Petrol,Individual,Manual,First Owner,5.0,46.3,kmpl,19.7,796.0
1324.0,Tata,2013.0,120000.0,120000.0,Diesel,Individual,Manual,First Owner,5.0,74.0,kmpl,22.3,1248.0
4838.0,Maruti,2015.0,650000.0,80000.0,Diesel,,Manual,First Owner,7.0,88.8,,20.77,1248.0
3617.0,,2012.0,204000.0,110000.0,Petrol,Individual,Manual,Third Owner,5.0,67.1,kmpl,20.92,998.0
1332.0,Maruti,2015.0,330000.0,70000.0,Petrol,Individual,Manual,Third Owner,5.0,67.04,kmpl,23.1,998.0
nan,Maruti,2014.0,415000.0,46000.0,Petrol,Dealer,Manual,First Owner,5.0,67.04,kmpl,21.63,998.0
2651.0,Volkswagen,2017.0,575000.0,40000.0,Diesel,Individual,Manual,First Owner,5.0,108.62,kmpl,21.66,1498.0
5407.0,Maruti,2016.0,,120000.0,Diesel,Individual,Manual,First Owner,5.0,73.94,kmpl,23.2,1248.0
5578.0,Maruti,2016.0,450000.0,175000.0,Diesel,Individual,Manual,First Owner,5.0,74.0,,23.4,
677.0,Maruti,2017.0,525000.0,,Petrol,Individual,Manual,First Owner,5.0,83.14,kmpl,,1197.0
3722.0,,2016.0,750000.0,100000.0,Diesel,Individual,Manual,First Owner,,,kmpl,20.8,1461.0
682.0,Maruti,,241000.0,15000.0,Petrol,Individual,Manual,First Owner,5.0,47.3,kmpl,22.74,796.0
393.0,Hyundai,2018.0,500000.0,60000.0,Petrol,Individual,Manual,,,81.86,kmpl,20.14,1197.0
5076.0,Hyundai,2014.0,625000.0,70000.0,Diesel,Individual,Manual,Second Owner,5.0,126.32,kmpl,22.32,1582.0
,Hyundai,,540000.0,7000.0,Petrol,Dealer,Manual,,5.0,68.0,kmpl,20.3,1086.0
2668.0,Hyundai,2016.0,270000.0,7672.0,Petrol,Individual,Manual,First Owner,5.0,55.2,kmpl,21.1,814.0
2805.0,Volkswagen,2012.0,400000.0,60000.0,Diesel,Individual,Manual,Third Owner,5.0,105.0,kmpl,20.5,
1300.0,Ford,2015.0,600000.0,63000.0,Diesel,Individual,Manual,First Owner,,98.59,kmpl,22.77,1498.0
5526.0,Maruti,,,120000.0,Diesel,,,First Owner,,74.0,,22.9,1248.0
1776.0,Hyundai,2010.0,131000.0,80000.0,Petrol,Individual,Manual,Third Owner,5.0,68.05,kmpl,19.81,1086.0
,,2010.0,300000.0,,Diesel,Individual,Manual,First Owner,,87.2,kmpl,,1364.0
3849.0,Maruti,2010.0,175000.0,58000.0,Petrol,Individual,Manual,First Owner,5.0,,,19.7,796.0
1453.0,Hyundai,2013.0,200000.0,40000.0,Petrol,,Manual,,5.0,,kmpl,21.1,814.0
2225.0,Volkswagen,2011.0,350000.0,110000.0,,Individual,Manual,,5.0,103.6,kmpl,20.54,
1711.0,Maruti,2015.0,270000.0,49900.0,Petrol,Individual,Manual,Second Owner,5.0,47.3,kmpl,,796.0
2441.0,Maruti,2020.0,654000.0,1000.0,Petrol,Individual,Automatic,First Owner,5.0,81.8,kmpl,,1197.0
,Maruti,2018.0,625000.0,22000.0,Petrol,Individual,Manual,First Owner,5.0,,kmpl,21.4,1197.0
3116.0,Toyota,,632000.0,150000.0,Diesel,Individual,Manual,First Owner,,,kmpl,23.59,1364.0
4554.0,Maruti,2013.0,295000.0,120000.0,Diesel,,Manual,First Owner,5.0,73.94,kmpl,23.2,1248.0
3702.0,Hyundai,2014.0,700000.0,80000.0,Diesel,Individual,Manual,First Owner,5.0,126.32,kmpl,22.32,1582.0
799.0,,2012.0,425000.0,96000.0,Diesel,Individual,Manual,Second Owner,7.0,88.8,kmpl,20.77,1248.0
nan,Maruti,2005.0,90000.0,100000.0,,Individual,,Fourth & Above Owner,,46.3,kmpl,19.7,796.0
1538.0,Maruti,2004.0,118000.0,60000.0,Petrol,Individual,Manual,Second Owner,5.0,46.3,kmpl,19.7,
1789.0,Maruti,2012.0,200000.0,29500.0,Petrol,Individual,Manual,First Owner,5.0,,kmpl,20.92,998.0
763.0,Maruti,,370000.0,15000.0,Petrol,Individual,Manual,First Owner,5.0,47.3,kmpl,22.05,796.0
4662.0,Maruti,2013.0,385000.0,,Diesel,Individual,Manual,Second Owner,5.0,74.0,kmpl,23.4,1248.0
3845.0,Maruti,2012.0,325000.0,80000.0,Diesel,Individual,Manual,Second Owner,5.0,74.0,kmpl,22.9,1248.0
812.0,Maruti,,300000.0,,Diesel,Individual,Manual,First Owner,,,kmpl,23.2,1248.0
4052.0,Renault,2015.0,550000.0,60000.0,Diesel,Individual,,First Owner,5.0,,kmpl,20.45,1461.0
5028.0,Hyundai,2015.0,,,Diesel,,Manual,First Owner,5.0,88.73,kmpl,21.19,1396.0
2719.0,Ford,2012.0,320000.0,103994.0,Diesel,Individual,Manual,Fourth & Above Owner,5.0,68.0,kmpl,20.0,1399.0
599.0,Renault,2017.0,300000.0,35000.0,Petrol,Individual,Manual,First Owner,5.0,67.0,kmpl,23.01,999.0
941.0,,2012.0,260000.0,70000.0,Diesel,Individual,Manual,Second Owner,5.0,65.0,kmpl,,
2834.0,Hyundai,2015.0,580000.0,74000.0,Diesel,Individual,Manual,Second Owner,5.0,88.73,kmpl,21.19,1396.0
339.0,Hyundai,2017.0,950000.0,45000.0,Diesel,Individual,Manual,First Owner,5.0,88.7,,21.38,1396.0
2504.0,MARUTI,2009.0,155000.0,120000.0,,Individual,Manual,First Owner,5.0,73.9,kmpl,21.1,1248.0
5208.0,Maruti,,380000.0,100000.0,Diesel,Individual,Manual,Second Owner,5.0,74.0,,22.9,1248.0
2646.0,Hyundai,2016.0,280000.0,19000.0,Petrol,Individual,Manual,First Owner,,55.2,kmpl,21.1,814.0
1144.0,Maruti,,125000.0,120000.0,Petrol,Individual,Manual,Third Owner,5.0,46.3,kmpl,19.7,796.0
199.0,Maruti,2013.0,550000.0,70000.0,Diesel,Individual,Manual,First Owner,5.0,74.0,kmpl,23.4,1248.0
5036.0,Maruti,2015.0,250000.0,26500.0,,Individual,Manual,First Owner,5.0,47.3,kmpl,22.74,796.0
3399.0,Maruti,2011.0,400000.0,72000.0,Diesel,Individual,Manual,First Owner,5.0,74.0,kmpl,22.9,
4676.0,MARUTI,2018.0,,40000.0,Petrol,Individual,Manual,First Owner,5.0,81.8,kmpl,22.0,1197.0
766.0,Hyundai,2018.0,750000.0,30000.0,Diesel,Individual,Manual,First Owner,5.0,88.76,kmpl,21.19,1396.0
3986.0,Maruti,2015.0,350000.0,40000.0,Petrol,Individual,,Second Owner,5.0,67.04,kmpl,20.51,998.0
5815.0,Hyundai,2019.0,430000.0,18500.0,Petrol,Individual,Manual,First Owner,5.0,68.0,kmpl,20.3,1086.0
3831.0,Ford,2012.0,250000.0,156040.0,Diesel,Dealer,Manual,First Owner,5.0,68.0,kmpl,20.0,
583.0,HYUNDAI,2012.0,335000.0,135000.0,Diesel,Individual,Manual,First Owner,5.0,88.76,kmpl,21.9,1396.0
5695.0,Maruti,2015.0,650000.0,70000.0,Diesel,Individual,,First Owner,7.0,88.76,kmpl,20.77,
1415.0,NAN,2011.0,350000.0,90000.0,Diesel,,Manual,Third Owner,5.0,90.0,kmpl,23.0,1396.0
1345.0,Ford,2011.0,200000.0,80000.0,Diesel,Individual,Manual,Second Owner,5.0,68.0,kmpl,20.0,1399.0
4419.0,Maruti,2020.0,570000.0,,Petrol,Individual,Manual,First Owner,5.0,81.8,kmpl,21.21,1197.0
4567.0,Hyundai,2012.0,420000.0,100000.0,,Individual,Manual,Second Owner,5.0,126.32,kmpl,22.32,1582.0
5118.0,Volkswagen,2011.0,295000.0,65000.0,Diesel,Individual,Manual,Second Owner,5.0,103.6,,20.54,1598.0
920.0,,2005.0,80000.0,40000.0,Petrol,Individual,Manual,,5.0,46.3,kmpl,19.7,796.0
163.0,,2017.0,550000.0,50000.0,,Individual,Manual,First Owner,5.0,83.14,kmpl,20.85,1197.0
4189.0,Maruti,2013.0,600000.0,120000.0,Diesel,Individual,Manual,Third Owner,7.0,88.8,kmpl,20.77,1248.0
6239.0,Hyundai,2011.0,450000.0,128000.0,Diesel,Individual,Manual,Second Owner,5.0,126.32,kmpl,22.32,1582.0
5481.0,,2013.0,350000.0,110000.0,Diesel,,Manual,Third Owner,5.0,74.0,,22.9,1248.0
5924.0,Maruti,2011.0,350000.0,118000.0,Diesel,Individual,,Second Owner,5.0,,,21.1,1248.0
744.0,Hyundai,2010.0,270000.0,100000.0,Diesel,Individual,,Fourth & Above Owner,5.0,,kmpl,,
334.0,Maruti,2010.0,150000.0,80000.0,Petrol,Individual,Manual,First Owner,5.0,,kmpl,20.92,998.0
5218.0,Volkswagen,2018.0,650000.0,82000.0,,Individual,Automatic,First Owner,5.0,,kmpl,21.73,1498.0
1602.0,Maruti,2014.0,650000.0,90000.0,Diesel,,Manual,First Owner,7.0,88.8,kmpl,20.77,1248.0
1689.0,Maruti,,351000.0,60000.0,Petrol,Individual,Manual,First Owner,5.0,67.04,kmpl,23.1,998.0
1138.0,Mahindra,2018.0,660000.0,74250.0,Diesel,Dealer,Manual,First Owner,,74.96,kmpl,21.0,1498.0
4271.0,Renault,2013.0,520000.0,109000.0,Diesel,,Manual,Second Owner,5.0,108.45,,19.64,1461.0
1139.0,,2017.0,490000.0,57247.0,Petrol,Dealer,Automatic,First Owner,5.0,81.8,kmpl,20.89,1197.0
5488.0,Maruti,2012.0,180000.0,80000.0,Petrol,Individual,Manual,Third Owner,5.0,46.3,kmpl,,796.0
3446.0,Hyundai,2008.0,120000.0,93331.0,Petrol,Individual,,Second Owner,5.0,68.05,kmpl,19.81,1086.0
5279.0,Maruti,2008.0,95000.0,80000.0,Petrol,Individual,Manual,Second Owner,5.0,46.3,kmpl,19.7,796.0
4892.0,Maruti,2013.0,380000.0,57000.0,Diesel,Individual,Manual,First Owner,5.0,74.0,kmpl,22.9,1248.0
NAN,MARUTI,2015.0,300000.0,50000.0,Petrol,Individual,Manual,Third Owner,,67.04,kmpl,20.51,998.0
5110.0,Ford,2014.0,500000.0,132000.0,Diesel,Dealer,Manual,Second Owner,,89.84,kmpl,22.7,
1860.0,Maruti,2016.0,225000.0,35000.0,Petrol,Individual,Manual,Second Owner,5.0,47.3,,,796.0
631.0,Tata,2012.0,250000.0,,Diesel,Individual,Manual,First Owner,5.0,,kmpl,,1248.0
5239.0,Ford,2013.0,250000.0,25000.0,Diesel,Individual,Manual,,5.0,68.1,kmpl,20.0,1399.0
869.0,Hyundai,2013.0,310000.0,70000.0,Petrol,Individual,Manual,First Owner,5.0,,kmpl,19.81,1086.0
4646.0,Volkswagen,2013.0,280000.0,90000.0,Diesel,,Manual,Third Owner,5.0,73.9,kmpl,22.07,1199.0
,Maruti,,571000.0,68000.0,Diesel,Individual,Manual,Second Owner,7.0,88.76,kmpl,20.77,1248.0
6004.0,Maruti,2018.0,525000.0,33000.0,,Dealer,Manual,First Owner,5.0,81.8,kmpl,20.89,1197.0
4550.0,Maruti,2011.0,130000.0,60000.0,Petrol,Individual,Manual,Third Owner,5.0,46.3,kmpl,19.7,796.0
305.0,Hyundai,,140000.0,,Petrol,Individual,Manual,Fourth & Above Owner,5.0,78.9,kmpl,20.36,1197.0
795.0,Maruti,2019.0,675000.0,5000.0,Petrol,Individual,Manual,First Owner,5.0,,kmpl,21.21,1197.0
4001.0,Ford,2010.0,200000.0,110000.0,Diesel,Individual,Manual,Second Owner,5.0,68.0,kmpl,20.0,1399.0
5671.0,Hyundai,2015.0,585000.0,72000.0,Diesel,,Manual,First Owner,5.0,88.73,kmpl,22.54,1396.0
360.0,,2019.0,675000.0,,Petrol,Individual,Manual,First Owner,5.0,81.8,kmpl,,1197.0
,Hyundai,,450000.0,56000.0,Diesel,Individual,Manual,First Owner,5.0,88.76,kmpl,21.9,1396.0
192.0,Maruti,2015.0,640000.0,80000.0,Diesel,Individual,Manual,First Owner,7.0,88.76,kmpl,20.77,
1173.0,Maruti,2018.0,480000.0,20375.0,Petrol,Dealer,,,5.0,,kmpl,20.89,1197.0
2896.0,Hyundai,2014.0,225000.0,35000.0,Petrol,Individual,Manual,First Owner,5.0,55.2,kmpl,21.1,814.0
1016.0,MARUTI,2005.0,95000.0,70000.0,Petrol,Individual,Manual,Third Owner,5.0,46.3,kmpl,19.7,796.0
5868.0,Mahindra,2015.0,380000.0,120000.0,Diesel,,Manual,Second Owner,5.0,65.0,kmpl,21.03,1461.0
752.0,Toyota,2013.0,409999.0,,Diesel,Individual,,First Owner,5.0,67.04,kmpl,23.59,1364.0
4756.0,Hyundai,2016.0,780000.0,35000.0,Diesel,Individual,Manual,First Owner,5.0,88.73,kmpl,22.54,1396.0
1328.0,Hyundai,2015.0,250000.0,80000.0,Petrol,Individual,Manual,First Owner,5.0,55.2,kmpl,21.1,814.0
700.0,Maruti,2009.0,,58000.0,Petrol,Individual,Manual,First Owner,,46.3,,19.7,796.0
2443.0,,2019.0,600000.0,18000.0,Petrol,Individual,Manual,First Owner,5.0,,kmpl,21.21,1197.0
3395.0,Ford,2018.0,620000.0,15000.0,Petrol,Individual,Manual,First Owner,5.0,94.93,kmpl,20.4,1194.0
6096.0,Tata,2017.0,600000.0,27000.0,Diesel,Individual,Manual,First Owner,,74.0,kmpl,22.95,1248.0
943.0,Ford,2012.0,280000.0,60000.0,Diesel,Individual,Manual,First Owner,5.0,68.0,,20.0,1399.0
5825.0,Hyundai,2008.0,250000.0,100000.0,Petrol,Individual,Manual,Second Owner,5.0,68.05,kmpl,19.81,1086.0
4992.0,MARUTI,2016.0,290000.0,15000.0,Petrol,Individual,Manual,First Owner,,47.3,kmpl,,796.0
1736.0,Maruti,2018.0,650000.0,22000.0,Petrol,,Manual,Second Owner,5.0,103.25,kmpl,21.56,1462.0
5707.0,Volkswagen,2011.0,400000.0,,Diesel,Individual,,Second Owner,5.0,103.6,,20.54,1598.0
5329.0,Maruti,2004.0,70000.0,70000.0,Petrol,Individual,Manual,Second Owner,5.0,46.3,kmpl,19.7,796.0
2461.0,Tata,2015.0,350000.0,,Diesel,Individual,Manual,First Owner,5.0,,kmpl,22.95,1248.0
5646.0,,2018.0,472000.0,30000.0,Petrol,Individual,,,,67.0,kmpl,20.51,998.0
,Renault,2019.0,390000.0,25000.0,Petrol,Individual,Manual,First Owner,5.0,67.0,kmpl,23.01,999.0
3133.0,Renault,2012.0,400000.0,100000.0,Diesel,Individual,Manual,Second Owner,5.0,83.8,kmpl,20.46,1461.0
4043.0,Volkswagen,2013.0,365000.0,70000.0,Diesel,Individual,Manual,Second Owner,5.0,73.9,kmpl,22.07,1199.0
2904.0,Renault,,425000.0,152186.0,Diesel,Dealer,Manual,Second Owner,5.0,,kmpl,20.45,1461.0
1782.0,Maruti,,380000.0,70000.0,Diesel,Individual,Manual,Third Owner,,74.0,kmpl,,1248.0
3376.0,NAN,2012.0,350000.0,25000.0,Petrol,Individual,,First Owner,5.0,78.9,kmpl,20.36,1197.0
3208.0,Maruti,2012.0,550000.0,67000.0,,Individual,Manual,First Owner,7.0,88.76,kmpl,20.77,1248.0
2445.0,Renault,2018.0,275000.0,20000.0,Petrol,Individual,Manual,First Owner,5.0,,,23.01,999.0
4227.0,Hyundai,,291000.0,37000.0,,Dealer,Manual,First Owner,5.0,78.9,kmpl,20.36,1197.0
5612.0,Hyundai,2014.0,,60000.0,Petrol,Individual,Manual,Second Owner,5.0,55.2,kmpl,21.1,814.0
2944.0,Maruti,2017.0,430000.0,10000.0,Petrol,Individual,Manual,First Owner,5.0,67.04,kmpl,23.1,998.0
,Maruti,,434999.0,50000.0,Petrol,Individual,Manual,Second Owner,5.0,,kmpl,20.4,1197.0
3121.0,HYUNDAI,2008.0,180000.0,100000.0,Petrol,Individual,Manual,Third Owner,5.0,68.05,,19.81,
1400.0,Hyundai,2015.0,,108000.0,Diesel,Individual,Manual,,5.0,88.73,kmpl,21.19,1396.0
2806.0,Maruti,2014.0,600000.0,90000.0,Diesel,Individual,,First Owner,5.0,74.0,kmpl,23.4,1248.0
1620.0,,2019.0,484999.0,4875.0,Petrol,Dealer,,First Owner,5.0,67.04,,21.63,998.0
182.0,Maruti,nan,245000.0,,Petrol,Individual,Manual,First Owner,5.0,47.3,kmpl,22.74,796.0
,Maruti,2014.0,300000.0,35000.0,Petrol,Individual,Manual,First Owner,5.0,81.8,kmpl,20.52,1197.0
2131.0,Tata,2012.0,300000.0,110000.0,Diesel,Individual,Manual,,5.0,88.8,,21.12,1248.0
787.0,Hyundai,2019.0,1000000.0,15000.0,,Individual,Manual,First Owner,5.0,88.7,kmpl,22.1,
3821.0,Tata,2016.0,220000.0,22000.0,Petrol,Individual,Automatic,First Owner,4.0,,,21.9,624.0
963.0,Ford,2010.0,210000.0,100000.0,Diesel,Individual,Manual,Second Owner,5.0,,kmpl,20.0,1399.0
4839.0,Maruti,,55000.0,39000.0,Petrol,Individual,Manual,,5.0,46.3,kmpl,19.7,796.0
,Hyundai,2014.0,280000.0,90000.0,Petrol,Individual,Manual,First Owner,5.0,55.2,,21.1,814.0
5561.0,Maruti,2010.0,311000.0,94000.0,Diesel,Individual,Manual,Second Owner,5.0,75.0,,21.1,1248.0
5875.0,Renault,2012.0,,75000.0,Diesel,Individual,Manual,First Owner,5.0,,kmpl,23.08,1461.0
1093.0,Volkswagen,,260000.0,120000.0,Diesel,Individual,Manual,Third Owner,5.0,,kmpl,20.54,1598.0
3253.0,,2013.0,350000.0,70000.0,Diesel,Individual,Manual,Second Owner,5.0,88.76,kmpl,21.9,
1175.0,Mahindra,2015.0,445000.0,40200.0,Diesel,Dealer,Manual,First Owner,7.0,74.96,,21.0,
1350.0,,2018.0,560000.0,20000.0,Petrol,Individual,,First Owner,,83.1,kmpl,21.4,1197.0
,Ford,2016.0,,30000.0,Diesel,Individual,Manual,First Owner,5.0,98.96,kmpl,21.7,1498.0
4673.0,HYUNDAI,,1237000.0,46000.0,Diesel,Individual,Manual,First Owner,,126.2,kmpl,19.67,1582.0
3310.0,,2013.0,530000.0,40000.0,Diesel,Individual,Manual,First Owner,5.0,74.0,kmpl,23.4,1248.0
940.0,Hyundai,2011.0,225000.0,80000.0,Petrol,Individual,,Second Owner,5.0,68.05,kmpl,19.81,1086.0
5931.0,Maruti,2015.0,250000.0,70000.0,Petrol,Individual,Manual,First Owner,5.0,47.3,kmpl,22.74,796.0
3037.0,Volkswagen,2019.0,800000.0,,Diesel,Individual,Manual,First Owner,5.0,108.62,kmpl,21.66,1498.0
2506.0,Hyundai,2011.0,250000.0,70000.0,Petrol,Individual,Manual,First Owner,5.0,78.9,,20.36,1197.0
5806.0,Volkswagen,2017.0,750000.0,50000.0,Diesel,Individual,Manual,First Owner,5.0,108.6,kmpl,22.27,1498.0
5831.0,Renault,2015.0,690000.0,80000.0,Diesel,Individual,Manual,First Owner,8.0,83.8,kmpl,21.04,1461.0
3880.0,Maruti,2011.0,235000.0,60000.0,Petrol,Individual,Manual,First Owner,5.0,67.1,,20.92,998.0
2566.0,Maruti,2007.0,150000.0,75000.0,Petrol,Individual,Manual,First Owner,5.0,46.3,kmpl,19.7,796.0
4177.0,Maruti,2011.0,225000.0,30000.0,Petrol,Individual,Manual,First Owner,5.0,67.1,kmpl,,998.0
6111.0,Hyundai,2017.0,350000.0,26263.0,Petrol,Individual,Manual,First Owner,5.0,55.2,kmpl,21.1,814.0
3884.0,Hyundai,2009.0,160000.0,35000.0,Petrol,Individual,Manual,Third Owner,5.0,68.05,kmpl,19.81,1086.0
1177.0,Maruti,2014.0,560000.0,90000.0,Diesel,Individual,Manual,,7.0,88.8,kmpl,20.77,
4871.0,Maruti,2019.0,595000.0,14548.0,Petrol,Dealer,Manual,First Owner,5.0,81.8,kmpl,21.21,1197.0
1686.0,Tata,2013.0,260000.0,189000.0,Diesel,Individual,Manual,First Owner,5.0,88.76,kmpl,21.02,1248.0
,Maruti,2010.0,140000.0,,Petrol,Individual,Manual,Second Owner,5.0,,kmpl,19.7,796.0
2839.0,Hyundai,2011.0,225000.0,,Petrol,Individual,Manual,Second Owner,5.0,78.9,kmpl,,
4561.0,Hyundai,,350000.0,20000.0,Petrol,Individual,,First Owner,5.0,68.05,kmpl,19.81,1086.0
888.0,Maruti,2013.0,215000.0,25000.0,Petrol,Individual,,First Owner,5.0,67.1,kmpl,20.92,998.0
4270.0,Hyundai,,1150000.0,,Diesel,Individual,Manual,First Owner,5.0,126.2,kmpl,19.67,
2339.0,Volkswagen,2015.0,560000.0,43001.0,,Dealer,Manual,First Owner,5.0,108.6,kmpl,22.27,1498.0
4962.0,Hyundai,2011.0,380000.0,,Diesel,Individual,Manual,Fourth & Above Owner,5.0,90.0,,23.0,1396.0
,Maruti,2009.0,125000.0,60000.0,Petrol,Individual,,Third Owner,5.0,46.3,kmpl,19.7,796.0
3300.0,Maruti,2014.0,430000.0,90000.0,Diesel,Individual,Manual,,5.0,74.0,kmpl,22.9,
297.0,Renault,2014.0,570000.0,40000.0,Diesel,Dealer,Manual,First Owner,5.0,83.8,kmpl,20.45,1461.0
2094.0,Maruti,2019.0,,120000.0,CNG,Individual,Manual,Second Owner,5.0,61.7,km/kg,21.94,1196.0
4072.0,,2016.0,660000.0,110000.0,Diesel,Individual,Manual,First Owner,5.0,88.73,,21.19,1396.0
1125.0,Hyundai,2012.0,,56000.0,Petrol,Individual,Manual,First Owner,5.0,78.9,kmpl,20.36,1197.0
,Maruti,2017.0,400000.0,12700.0,Petrol,Individual,Manual,First Owner,5.0,67.04,kmpl,20.51,998.0
3828.0,Maruti,2019.0,500000.0,10000.0,Petrol,,Manual,First Owner,5.0,81.8,kmpl,20.89,1197.0
,Hyundai,,500000.0,80000.0,Diesel,Individual,Manual,Second Owner,5.0,126.3,kmpl,22.32,1582.0
4375.0,Hyundai,2018.0,1150000.0,35000.0,Diesel,Individual,Manual,First Owner,5.0,126.2,kmpl,22.0,1582.0
2538.0,Maruti,2015.0,320000.0,60000.0,Petrol,Individual,Manual,,5.0,67.04,kmpl,20.51,998.0
6022.0,Renault,2013.0,399000.0,61000.0,Diesel,Dealer,Manual,Second Owner,5.0,84.8,kmpl,21.64,1461.0
2723.0,Tata,2012.0,285000.0,178000.0,Diesel,Individual,Manual,Second Owner,5.0,74.0,kmpl,22.3,1248.0
51.0,Tata,2011.0,265000.0,120000.0,Diesel,Individual,Manual,First Owner,5.0,88.8,kmpl,21.12,
,Maruti,2012.0,200000.0,50000.0,Petrol,Individual,Manual,Second Owner,5.0,46.3,,19.7,796.0
5069.0,,2015.0,610000.0,33000.0,Petrol,Individual,Manual,First Owner,5.0,91.1,kmpl,20.73,1373.0
3933.0,Maruti,2018.0,459999.0,12000.0,Petrol,Individual,Manual,First Owner,5.0,81.8,kmpl,,1197.0
4794.0,Renault,2016.0,,30000.0,Petrol,Individual,Manual,Third Owner,5.0,67.0,kmpl,,999.0
1551.0,Volkswagen,2013.0,440000.0,75000.0,Diesel,Individual,Manual,Second Owner,5.0,73.9,kmpl,22.07,1199.0
NAN,TATA,,980000.0,20000.0,Diesel,Individual,Manual,First Owner,5.0,,kmpl,21.5,1497.0
